Time_secs,Tail_Number,Type,Computed_Airspeed,Mach,Pitch_Angle,Roll_Angle,Altitude,Fuel_E1,Fuel_E2,Gross_Weight,T_Air_Temp,Drift_Angle,EGT_E1,EGT_E2,EPR_E1,EPR_E2,N1_E1,N1_E2,N2_E1,N2_E2,Throttle_Angle1,Throttle_Angle2,Pack_Flow_E1,Pack_Flow_E2,L_G_S_S_N,Flap_Handle,Flap_Angle,Left_Spoiler_1_Out,Right_Spoiler_1_Out,Spoiler_Pos_LH_2,Spoiler_Pos_LH_4,Spoiler_Pos_LH_5,Spoiler_Pos_RH_2,Spoiler_Pos_RH_3,Spoiler_Pos_RH_5,Speed_Brake,Fuel,Air,Gnd_1,Gnd_3,Gnd_7,Air.1,Gnd_1.1,Gnd_3.1,Gnd_7.1,Gear_down_air,Gear_down_ground,Gear_in_transit,Gear_up
404.0,.OH-LXL,A321 (1),168.1,0.25,2.46,-0.7,164,3459,3550,66083,26.3,-0.26,746,742,1.123,1.102,85.1,85.4,96.8,97.1,33.8,33.8,1,1,0,1.5,10.0,0,0,0.0,0.0,0.0,0.0,0.0,0.0,0,7009.0,0,0,1,0,0,0,1,0,0,1,0,0
404.25,.OH-LXL,A321 (1),168.1,0.25,3.16,-0.7,164,3459,3550,66083,26.3,-0.26,746,742,1.123,1.102,85.1,85.4,96.8,97.1,33.8,33.8,1,1,0,1.5,10.0,0,0,0.0,0.0,0.0,0.0,0.0,0.0,0,7009.0,0,0,1,0,0,0,1,0,0,1,0,0
404.5,.OH-LXL,A321 (1),168.1,0.25,3.52,-0.7,164,3459,3550,66083,26.3,-0.26,746,742,1.123,1.102,85.1,85.4,96.8,97.1,33.8,33.8,1,1,0,1.5,10.0,0,0,0.0,0.0,0.0,0.0,0.0,0.0,0,7009.0,0,0,1,0,0,0,1,0,0,1,0,0
404.75,.OH-LXL,A321 (1),168.1,0.25,4.22,-0.7,164,3459,3550,66083,26.3,-0.26,746,742,1.123,1.102,85.1,85.4,96.8,97.1,33.8,33.8,1,1,0,1.5,10.0,0,0,0.0,0.0,0.0,0.0,0.0,0.0,0,7009.0,0,0,1,0,0,0,1,0,0,1,0,0
405.0,.OH-LXL,A321 (1),171.0,0.25,4.92,-1.1,144,3488,3561,66083,26.8,-0.26,747,744,1.127,1.104,85.1,85.1,96.9,97.1,33.8,33.8,1,1,0,1.5,10.0,0,0,0.0,0.0,0.0,0.0,0.0,0.0,0,7049.0,0,0,1,0,0,0,1,0,0,1,0,0
405.25,.OH-LXL,A321 (1),171.0,0.25,5.63,-1.1,144,3488,3561,66083,26.8,-0.26,747,744,1.127,1.104,85.1,85.1,96.9,97.1,33.8,33.8,1,1,0,1.5,10.0,0,0,0.0,0.0,0.0,0.0,0.0,0.0,0,7049.0,0,0,1,0,0,0,1,0,0,1,0,0
405.5,.OH-LXL,A321 (1),171.0,0.25,5.98,-0.7,144,3488,3561,66083,26.8,-0.26,747,744,1.127,1.104,85.1,85.1,96.9,97.1,33.8,33.8,1,1,0,1.5,10.0,0,0,0.0,0.0,0.0,0.0,0.0,0.0,0,7049.0,0,0,1,0,0,0,1,0,0,1,0,0
405.75,.OH-LXL,A321 (1),171.0,0.25,6.68,-0.7,144,3488,3561,66083,26.8,-0.26,747,744,1.127,1.104,85.1,85.1,96.9,97.1,33.8,33.8,1,1,0,1.5,10.0,0,0,0.0,0.0,0.0,0.0,0.0,0.0,0,7049.0,0,0,1,0,0,0,1,0,0,1,0,0
406.0,.OH-LXL,A321 (1),173.8,0.25,7.03,0.7,136,3510,3563,66083,26.8,-0.62,748,743,1.125,1.105,85.3,85.1,96.8,97.0,33.8,33.8,1,1,0,1.5,10.0,0,0,0.0,0.0,0.0,0.7,1.3,1.5,0,7073.0,0,1,0,0,0,1,0,0,0,1,0,0
406.25,.OH-LXL,A321 (1),173.8,0.25,7.73,0.7,136,3510,3563,66083,26.8,-0.62,748,743,1.125,1.105,85.3,85.1,96.8,97.0,33.8,33.8,1,1,0,1.5,10.0,0,0,0.0,0.0,0.0,0.7,1.3,1.5,0,7073.0,0,1,0,0,0,1,0,0,0,1,0,0
406.5,.OH-LXL,A321 (1),173.8,0.25,7.73,0.0,136,3510,3563,66083,26.8,-0.62,748,743,1.125,1.105,85.3,85.1,96.8,97.0,33.8,33.8,1,1,0,1.5,10.0,0,0,0.0,0.0,0.0,0.7,1.3,1.5,0,7073.0,0,1,0,0,0,1,0,0,0,1,0,0
406.75,.OH-LXL,A321 (1),173.8,0.25,8.09,0.0,136,3510,3563,66083,26.8,-0.62,748,743,1.125,1.105,85.3,85.1,96.8,97.0,33.8,33.8,1,1,0,1.5,10.0,0,0,0.0,0.0,0.0,0.7,1.3,1.5,0,7073.0,0,1,0,0,0,1,0,0,0,1,0,0
407.0,.OH-LXL,A321 (1),175.1,0.25,8.09,-1.8,156,3503,3572,66083,25.8,-0.62,747,743,1.123,1.102,85.1,85.1,96.8,97.0,33.8,33.8,1,1,0,1.5,10.0,0,0,4.7,5.1,4.8,0.1,0.0,0.1,0,7075.0,1,0,0,0,1,0,0,0,1,0,0,0
407.25,.OH-LXL,A321 (1),175.1,0.25,8.44,-1.8,156,3503,3572,66083,25.8,-0.62,747,743,1.123,1.102,85.1,85.1,96.8,97.0,33.8,33.8,1,1,0,1.5,10.0,0,0,4.7,5.1,4.8,0.1,0.0,0.1,0,7075.0,1,0,0,0,1,0,0,0,1,0,0,0
407.5,.OH-LXL,A321 (1),175.1,0.25,8.79,-1.1,156,3503,3572,66083,25.8,-0.62,747,743,1.123,1.102,85.1,85.1,96.8,97.0,33.8,33.8,1,1,0,1.5,10.0,0,0,4.7,5.1,4.8,0.1,0.0,0.1,0,7075.0,1,0,0,0,1,0,0,0,1,0,0,0
407.75,.OH-LXL,A321 (1),175.1,0.25,9.14,-1.1,156,3503,3572,66083,25.8,-0.62,747,743,1.123,1.102,85.1,85.1,96.8,97.0,33.8,33.8,1,1,0,1.5,10.0,0,0,4.7,5.1,4.8,0.1,0.0,0.1,0,7075.0,1,0,0,0,1,0,0,0,1,0,0,0
408.0,.OH-LXL,A321 (1),177.6,0.27,9.14,-0.7,180,3490,3559,66083,25.8,-0.62,748,743,1.129,1.104,85.1,85.1,96.8,96.9,33.8,33.8,1,1,0,1.5,10.0,0,0,0.2,0.3,0.2,0.2,0.0,0.3,0,7049.0,1,0,0,0,1,0,0,0,0,0,1,0
408.25,.OH-LXL,A321 (1),177.6,0.27,9.49,-0.7,180,3490,3559,66083,25.8,-0.62,748,743,1.129,1.104,85.1,85.1,96.8,96.9,33.8,33.8,1,1,0,1.5,10.0,0,0,0.2,0.3,0.2,0.2,0.0,0.3,0,7049.0,1,0,0,0,1,0,0,0,0,0,1,0
408.5,.OH-LXL,A321 (1),177.6,0.27,9.49,-0.4,180,3490,3559,66083,25.8,-0.62,748,743,1.129,1.104,85.1,85.1,96.8,96.9,33.8,33.8,1,1,0,1.5,10.0,0,0,0.2,0.3,0.2,0.2,0.0,0.3,0,7049.0,1,0,0,0,1,0,0,0,0,0,1,0
408.75,.OH-LXL,A321 (1),177.6,0.27,9.84,-0.4,180,3490,3559,66083,25.8,-0.62,748,743,1.129,1.104,85.1,85.1,96.8,96.9,33.8,33.8,1,1,0,1.5,10.0,0,0,0.2,0.3,0.2,0.2,0.0,0.3,0,7049.0,1,0,0,0,1,0,0,0,0,0,1,0
409.0,.OH-LXL,A321 (1),179.6,0.27,9.84,-0.4,208,3499,3559,66083,25.5,-0.62,748,742,1.121,1.104,85.1,85.1,96.5,96.9,33.8,33.8,1,1,0,1.5,10.0,0,0,0.0,0.0,0.0,0.2,0.0,0.0,0,7058.0,1,0,0,0,1,0,0,0,0,0,1,0
409.25,.OH-LXL,A321 (1),179.6,0.27,10.2,-0.4,208,3499,3559,66083,25.5,-0.62,748,742,1.121,1.104,85.1,85.1,96.5,96.9,33.8,33.8,1,1,0,1.5,10.0,0,0,0.0,0.0,0.0,0.2,0.0,0.0,0,7058.0,1,0,0,0,1,0,0,0,0,0,1,0
409.5,.OH-LXL,A321 (1),179.6,0.27,10.55,-0.4,208,3499,3559,66083,25.5,-0.62,748,742,1.121,1.104,85.1,85.1,96.5,96.9,33.8,33.8,1,1,0,1.5,10.0,0,0,0.0,0.0,0.0,0.2,0.0,0.0,0,7058.0,1,0,0,0,1,0,0,0,0,0,1,0
409.75,.OH-LXL,A321 (1),179.6,0.27,10.9,-0.4,208,3499,3559,66083,25.5,-0.62,748,742,1.121,1.104,85.1,85.1,96.5,96.9,33.8,33.8,1,1,0,1.5,10.0,0,0,0.0,0.0,0.0,0.2,0.0,0.0,0,7058.0,1,0,0,0,1,0,0,0,0,0,1,0
410.0,.OH-LXL,A321 (1),180.0,0.27,11.25,-0.7,232,3467,3568,66065,25.5,-0.7,747,742,1.121,1.102,85.0,85.0,96.5,96.8,33.8,33.8,1,1,0,1.5,10.0,0,0,0.0,0.0,0.0,0.0,0.0,0.0,0,7035.0,1,0,0,0,1,0,0,0,0,0,1,0
410.25,.OH-LXL,A321 (1),180.0,0.27,11.6,-0.7,232,3467,3568,66065,25.5,-0.7,747,742,1.121,1.102,85.0,85.0,96.5,96.8,33.8,33.8,1,1,0,1.5,10.0,0,0,0.0,0.0,0.0,0.0,0.0,0.0,0,7035.0,1,0,0,0,1,0,0,0,0,0,1,0
410.5,.OH-LXL,A321 (1),180.0,0.27,12.3,-1.8,232,3467,3568,66065,25.5,-0.7,747,742,1.121,1.102,85.0,85.0,96.5,96.8,33.8,33.8,1,1,0,1.5,10.0,0,0,0.0,0.0,0.0,0.0,0.0,0.0,0,7035.0,1,0,0,0,1,0,0,0,0,0,1,0
410.75,.OH-LXL,A321 (1),180.0,0.27,12.3,-1.8,232,3467,3568,66065,25.5,-0.7,747,742,1.121,1.102,85.0,85.0,96.5,96.8,33.8,33.8,1,1,0,1.5,10.0,0,0,0.0,0.0,0.0,0.0,0.0,0.0,0,7035.0,1,0,0,0,1,0,0,0,0,0,1,0
411.0,.OH-LXL,A321 (1),180.5,0.27,12.66,-2.1,260,3481,3545,66065,24.8,-0.7,747,742,1.125,1.104,84.9,85.0,96.6,96.8,33.8,33.8,1,1,0,1.5,10.0,0,0,0.0,0.0,0.0,0.0,0.0,0.0,0,7026.0,1,0,0,0,1,0,0,0,0,0,1,0
411.25,.OH-LXL,A321 (1),180.5,0.27,12.66,-2.1,260,3481,3545,66065,24.8,-0.7,747,742,1.125,1.104,84.9,85.0,96.6,96.8,33.8,33.8,1,1,0,1.5,10.0,0,0,0.0,0.0,0.0,0.0,0.0,0.0,0,7026.0,1,0,0,0,1,0,0,0,0,0,1,0
411.5,.OH-LXL,A321 (1),180.5,0.27,13.01,-1.4,260,3481,3545,66065,24.8,-0.7,747,742,1.125,1.104,84.9,85.0,96.6,96.8,33.8,33.8,1,1,0,1.5,10.0,0,0,0.0,0.0,0.0,0.0,0.0,0.0,0,7026.0,1,0,0,0,1,0,0,0,0,0,1,0
411.75,.OH-LXL,A321 (1),180.5,0.27,13.36,-1.4,260,3481,3545,66065,24.8,-0.7,747,742,1.125,1.104,84.9,85.0,96.6,96.8,33.8,33.8,1,1,0,1.5,10.0,0,0,0.0,0.0,0.0,0.0,0.0,0.0,0,7026.0,1,0,0,0,1,0,0,0,0,0,1,0
412.0,.OH-LXL,A321 (1),181.0,0.28,13.71,-1.4,288,3468,3552,66065,24.8,-0.7,747,742,1.119,1.102,85.0,85.1,96.4,96.8,33.8,33.8,1,1,0,1.5,10.0,0,0,0.0,0.0,0.0,0.0,0.0,0.0,0,7020.0,1,0,0,0,1,0,0,0,0,0,0,1
412.25,.OH-LXL,A321 (1),181.0,0.28,14.06,-1.4,288,3468,3552,66065,24.8,-0.7,747,742,1.119,1.102,85.0,85.1,96.4,96.8,33.8,33.8,1,1,0,1.5,10.0,0,0,0.0,0.0,0.0,0.0,0.0,0.0,0,7020.0,1,0,0,0,1,0,0,0,0,0,0,1
412.5,.OH-LXL,A321 (1),181.0,0.28,14.41,-1.4,288,3468,3552,66065,24.8,-0.7,747,742,1.119,1.102,85.0,85.1,96.4,96.8,33.8,33.8,1,1,0,1.5,10.0,0,0,0.0,0.0,0.0,0.0,0.0,0.0,0,7020.0,1,0,0,0,1,0,0,0,0,0,0,1
412.75,.OH-LXL,A321 (1),181.0,0.28,14.77,-1.4,288,3468,3552,66065,24.8,-0.7,747,742,1.119,1.102,85.0,85.1,96.4,96.8,33.8,33.8,1,1,0,1.5,10.0,0,0,0.0,0.0,0.0,0.0,0.0,0.0,0,7020.0,1,0,0,0,1,0,0,0,0,0,0,1
413.0,.OH-LXL,A321 (1),178.3,0.28,15.47,-2.1,324,3467,3557,66065,24.5,-0.7,747,743,1.121,1.1,84.9,85.0,96.5,96.8,33.8,33.8,1,1,0,1.5,10.0,0,0,0.0,0.0,0.0,0.0,0.0,0.0,0,7024.0,1,0,0,0,1,0,0,0,0,0,0,1
413.25,.OH-LXL,A321 (1),178.3,0.28,15.82,-2.1,324,3467,3557,66065,24.5,-0.7,747,743,1.121,1.1,84.9,85.0,96.5,96.8,33.8,33.8,1,1,0,1.5,10.0,0,0,0.0,0.0,0.0,0.0,0.0,0.0,0,7024.0,1,0,0,0,1,0,0,0,0,0,0,1
413.5,.OH-LXL,A321 (1),178.3,0.28,16.17,-1.8,324,3467,3557,66065,24.5,-0.7,747,743,1.121,1.1,84.9,85.0,96.5,96.8,33.8,33.8,1,1,0,1.5,10.0,0,0,0.0,0.0,0.0,0.0,0.0,0.0,0,7024.0,1,0,0,0,1,0,0,0,0,0,0,1
413.75,.OH-LXL,A321 (1),178.3,0.28,16.52,-1.8,324,3467,3557,66065,24.5,-0.7,747,743,1.121,1.1,84.9,85.0,96.5,96.8,33.8,33.8,1,1,0,1.5,10.0,0,0,0.0,0.0,0.0,0.0,0.0,0.0,0,7024.0,1,0,0,0,1,0,0,0,0,0,0,1
414.0,.OH-LXL,A321 (1),175.9,0.28,16.52,-1.4,368,3481,3534,66065,24.5,-1.05,748,742,1.121,1.102,84.9,85.1,96.5,96.8,33.8,33.8,1,1,0,1.5,10.0,0,0,0.0,0.0,0.0,0.2,0.0,0.3,0,7015.0,1,0,0,0,1,0,0,0,0,0,0,1
414.25,.OH-LXL,A321 (1),175.9,0.28,16.52,-1.4,368,3481,3534,66065,24.5,-1.05,748,742,1.121,1.102,84.9,85.1,96.5,96.8,33.8,33.8,1,1,0,1.5,10.0,0,0,0.0,0.0,0.0,0.2,0.0,0.3,0,7015.0,1,0,0,0,1,0,0,0,0,0,0,1
414.5,.OH-LXL,A321 (1),175.9,0.28,16.17,-0.7,368,3481,3534,66065,24.5,-1.05,748,742,1.121,1.102,84.9,85.1,96.5,96.8,33.8,33.8,1,1,0,1.5,10.0,0,0,0.0,0.0,0.0,0.2,0.0,0.3,0,7015.0,1,0,0,0,1,0,0,0,0,0,0,1
414.75,.OH-LXL,A321 (1),175.9,0.28,16.17,-0.7,368,3481,3534,66065,24.5,-1.05,748,742,1.121,1.102,84.9,85.1,96.5,96.8,33.8,33.8,1,1,0,1.5,10.0,0,0,0.0,0.0,0.0,0.2,0.0,0.3,0,7015.0,1,0,0,0,1,0,0,0,0,0,0,1
415.0,.OH-LXL,A321 (1),173.3,0.28,15.82,0.4,412,3468,3535,66065,24.3,-1.05,749,742,1.117,1.102,85.0,85.1,96.4,96.8,33.8,33.8,1,1,0,1.5,10.0,0,0,0.0,0.0,0.0,0.1,0.0,0.0,0,7003.0,1,0,0,0,1,0,0,0,0,0,0,1
415.25,.OH-LXL,A321 (1),173.3,0.28,15.82,0.4,412,3468,3535,66065,24.3,-1.05,749,742,1.117,1.102,85.0,85.1,96.4,96.8,33.8,33.8,1,1,0,1.5,10.0,0,0,0.0,0.0,0.0,0.1,0.0,0.0,0,7003.0,1,0,0,0,1,0,0,0,0,0,0,1
415.5,.OH-LXL,A321 (1),173.3,0.28,15.47,0.0,412,3468,3535,66065,24.3,-1.05,749,742,1.117,1.102,85.0,85.1,96.4,96.8,33.8,33.8,1,1,0,1.5,10.0,0,0,0.0,0.0,0.0,0.1,0.0,0.0,0,7003.0,1,0,0,0,1,0,0,0,0,0,0,1
415.75,.OH-LXL,A321 (1),173.3,0.28,15.47,0.0,412,3468,3535,66065,24.3,-1.05,749,742,1.117,1.102,85.0,85.1,96.4,96.8,33.8,33.8,1,1,0,1.5,10.0,0,0,0.0,0.0,0.0,0.1,0.0,0.0,0,7003.0,1,0,0,0,1,0,0,0,0,0,0,1
416.0,.OH-LXL,A321 (1),175.0,0.27,15.12,-1.1,464,3459,3541,66065,24.3,-1.05,748,742,1.121,1.098,84.9,85.1,96.5,96.8,33.8,33.8,1,1,0,1.5,10.0,0,0,0.2,0.3,0.1,0.0,0.0,0.0,0,7000.0,1,0,0,0,1,0,0,0,0,0,0,1
416.25,.OH-LXL,A321 (1),175.0,0.27,15.12,-1.1,464,3459,3541,66065,24.3,-1.05,748,742,1.121,1.098,84.9,85.1,96.5,96.8,33.8,33.8,1,1,0,1.5,10.0,0,0,0.2,0.3,0.1,0.0,0.0,0.0,0,7000.0,1,0,0,0,1,0,0,0,0,0,0,1
416.5,.OH-LXL,A321 (1),175.0,0.27,14.77,0.4,464,3459,3541,66065,24.3,-1.05,748,742,1.121,1.098,84.9,85.1,96.5,96.8,33.8,33.8,1,1,0,1.5,10.0,0,0,0.2,0.3,0.1,0.0,0.0,0.0,0,7000.0,1,0,0,0,1,0,0,0,0,0,0,1
416.75,.OH-LXL,A321 (1),175.0,0.27,14.77,0.4,464,3459,3541,66065,24.3,-1.05,748,742,1.121,1.098,84.9,85.1,96.5,96.8,33.8,33.8,1,1,0,1.5,10.0,0,0,0.2,0.3,0.1,0.0,0.0,0.0,0,7000.0,1,0,0,0,1,0,0,0,0,0,0,1
417.0,.OH-LXL,A321 (1),169.1,0.27,14.77,1.8,512,3459,3528,66065,24.0,-1.05,749,743,1.113,1.098,85.1,85.3,96.4,96.8,33.8,33.8,1,1,0,1.5,10.0,0,0,0.0,0.0,0.0,0.2,0.0,0.2,0,6987.0,1,0,0,0,1,0,0,0,0,0,0,1
417.25,.OH-LXL,A321 (1),169.1,0.27,14.41,1.8,512,3459,3528,66065,24.0,-1.05,749,743,1.113,1.098,85.1,85.3,96.4,96.8,33.8,33.8,1,1,0,1.5,10.0,0,0,0.0,0.0,0.0,0.2,0.0,0.2,0,6987.0,1,0,0,0,1,0,0,0,0,0,0,1
417.5,.OH-LXL,A321 (1),169.1,0.27,14.41,0.7,512,3459,3528,66065,24.0,-1.05,749,743,1.113,1.098,85.1,85.3,96.4,96.8,33.8,33.8,1,1,0,1.5,10.0,0,0,0.0,0.0,0.0,0.2,0.0,0.2,0,6987.0,1,0,0,0,1,0,0,0,0,0,0,1
417.75,.OH-LXL,A321 (1),169.1,0.27,14.41,0.7,512,3459,3528,66065,24.0,-1.05,749,743,1.113,1.098,85.1,85.3,96.4,96.8,33.8,33.8,1,1,0,1.5,10.0,0,0,0.0,0.0,0.0,0.2,0.0,0.2,0,6987.0,1,0,0,0,1,0,0,0,0,0,0,1
418.0,.OH-LXL,A321 (1),168.4,0.27,14.06,0.0,568,3450,3535,66047,24.0,-1.23,749,744,1.119,1.096,85.0,85.1,96.5,96.9,33.8,33.8,1,1,0,1.5,10.0,0,0,0.4,0.3,0.2,0.2,0.0,0.2,0,6985.0,1,0,0,0,1,0,0,0,0,0,0,1
418.25,.OH-LXL,A321 (1),168.4,0.27,14.06,0.0,568,3450,3535,66047,24.0,-1.23,749,744,1.119,1.096,85.0,85.1,96.5,96.9,33.8,33.8,1,1,0,1.5,10.0,0,0,0.4,0.3,0.2,0.2,0.0,0.2,0,6985.0,1,0,0,0,1,0,0,0,0,0,0,1
418.5,.OH-LXL,A321 (1),168.4,0.27,14.06,-0.4,568,3450,3535,66047,24.0,-1.23,749,744,1.119,1.096,85.0,85.1,96.5,96.9,33.8,33.8,1,1,0,1.5,10.0,0,0,0.4,0.3,0.2,0.2,0.0,0.2,0,6985.0,1,0,0,0,1,0,0,0,0,0,0,1
418.75,.OH-LXL,A321 (1),168.4,0.27,14.41,-0.4,568,3450,3535,66047,24.0,-1.23,749,744,1.119,1.096,85.0,85.1,96.5,96.9,33.8,33.8,1,1,0,1.5,10.0,0,0,0.4,0.3,0.2,0.2,0.0,0.2,0,6985.0,1,0,0,0,1,0,0,0,0,0,0,1
419.0,.OH-LXL,A321 (1),168.9,0.27,14.41,-0.7,604,3452,3521,66047,23.8,-1.23,750,743,1.115,1.098,85.1,85.3,96.5,96.8,33.8,33.8,1,1,0,1.5,10.0,0,0,0.0,0.2,0.0,0.0,0.0,0.0,0,6973.0,1,0,0,0,1,0,0,0,0,0,0,1
419.25,.OH-LXL,A321 (1),168.9,0.27,14.41,-0.7,604,3452,3521,66047,23.8,-1.23,750,743,1.115,1.098,85.1,85.3,96.5,96.8,33.8,33.8,1,1,0,1.5,10.0,0,0,0.0,0.2,0.0,0.0,0.0,0.0,0,6973.0,1,0,0,0,1,0,0,0,0,0,0,1
419.5,.OH-LXL,A321 (1),168.9,0.27,14.41,-0.4,604,3452,3521,66047,23.8,-1.23,750,743,1.115,1.098,85.1,85.3,96.5,96.8,33.8,33.8,1,1,0,1.5,10.0,0,0,0.0,0.2,0.0,0.0,0.0,0.0,0,6973.0,1,0,0,0,1,0,0,0,0,0,0,1
419.75,.OH-LXL,A321 (1),168.9,0.27,14.41,-0.4,604,3452,3521,66047,23.8,-1.23,750,743,1.115,1.098,85.1,85.3,96.5,96.8,33.8,33.8,1,1,0,1.5,10.0,0,0,0.0,0.2,0.0,0.0,0.0,0.0,0,6973.0,1,0,0,0,1,0,0,0,0,0,0,1
420.0,.OH-LXL,A321 (1),172.9,0.26,14.41,0.0,648,3456,3541,66047,23.8,-1.23,749,744,1.117,1.098,85.1,85.3,96.5,96.9,33.8,33.8,1,1,0,1.5,10.0,0,0,0.0,0.0,0.0,0.0,0.0,0.0,0,6997.0,1,0,0,0,1,0,0,0,0,0,0,1
420.25,.OH-LXL,A321 (1),172.9,0.26,14.41,0.0,648,3456,3541,66047,23.8,-1.23,749,744,1.117,1.098,85.1,85.3,96.5,96.9,33.8,33.8,1,1,0,1.5,10.0,0,0,0.0,0.0,0.0,0.0,0.0,0.0,0,6997.0,1,0,0,0,1,0,0,0,0,0,0,1
420.5,.OH-LXL,A321 (1),172.9,0.26,14.41,-0.4,648,3456,3541,66047,23.8,-1.23,749,744,1.117,1.098,85.1,85.3,96.5,96.9,33.8,33.8,1,1,0,1.5,10.0,0,0,0.0,0.0,0.0,0.0,0.0,0.0,0,6997.0,1,0,0,0,1,0,0,0,0,0,0,1
420.75,.OH-LXL,A321 (1),172.9,0.26,14.41,-0.4,648,3456,3541,66047,23.8,-1.23,749,744,1.117,1.098,85.1,85.3,96.5,96.9,33.8,33.8,1,1,0,1.5,10.0,0,0,0.0,0.0,0.0,0.0,0.0,0.0,0,6997.0,1,0,0,0,1,0,0,0,0,0,0,1
421.0,.OH-LXL,A321 (1),173.3,0.26,14.77,-0.4,688,3456,3534,66047,23.5,-1.23,749,743,1.115,1.096,85.1,85.3,96.5,96.8,33.8,33.8,1,1,0,1.5,10.0,0,0,0.0,0.0,0.0,0.0,0.0,0.0,0,6990.0,1,0,0,0,1,0,0,0,0,0,0,1
421.25,.OH-LXL,A321 (1),173.3,0.26,15.12,-0.4,688,3456,3534,66047,23.5,-1.23,749,743,1.115,1.096,85.1,85.3,96.5,96.8,33.8,33.8,1,1,0,1.5,10.0,0,0,0.0,0.0,0.0,0.0,0.0,0.0,0,6990.0,1,0,0,0,1,0,0,0,0,0,0,1
421.5,.OH-LXL,A321 (1),173.3,0.26,15.12,0.0,688,3456,3534,66047,23.5,-1.23,749,743,1.115,1.096,85.1,85.3,96.5,96.8,33.8,33.8,1,1,0,1.5,10.0,0,0,0.0,0.0,0.0,0.0,0.0,0.0,0,6990.0,1,0,0,0,1,0,0,0,0,0,0,1
421.75,.OH-LXL,A321 (1),173.3,0.26,15.47,0.0,688,3456,3534,66047,23.5,-1.23,749,743,1.115,1.096,85.1,85.3,96.5,96.8,33.8,33.8,1,1,0,1.5,10.0,0,0,0.0,0.0,0.0,0.0,0.0,0.0,0,6990.0,1,0,0,0,1,0,0,0,0,0,0,1
422.0,.OH-LXL,A321 (1),174.4,0.26,15.82,0.4,740,3452,3525,66047,23.5,-2.46,749,743,1.115,1.094,85.1,85.1,96.4,96.8,33.8,33.8,1,1,0,1.5,10.0,0,0,0.0,0.0,0.0,0.0,0.0,0.0,0,6977.0,1,0,0,0,1,0,0,0,0,0,0,1
422.25,.OH-LXL,A321 (1),174.4,0.26,15.82,0.4,740,3452,3525,66047,23.5,-2.46,749,743,1.115,1.094,85.1,85.1,96.4,96.8,33.8,33.8,1,1,0,1.5,10.0,0,0,0.0,0.0,0.0,0.0,0.0,0.0,0,6977.0,1,0,0,0,1,0,0,0,0,0,0,1
422.5,.OH-LXL,A321 (1),174.4,0.26,16.17,0.4,740,3452,3525,66047,23.5,-2.46,749,743,1.115,1.094,85.1,85.1,96.4,96.8,33.8,33.8,1,1,0,1.5,10.0,0,0,0.0,0.0,0.0,0.0,0.0,0.0,0,6977.0,1,0,0,0,1,0,0,0,0,0,0,1
422.75,.OH-LXL,A321 (1),174.4,0.26,16.17,0.4,740,3452,3525,66047,23.5,-2.46,749,743,1.115,1.094,85.1,85.1,96.4,96.8,33.8,33.8,1,1,0,1.5,10.0,0,0,0.0,0.0,0.0,0.0,0.0,0.0,0,6977.0,1,0,0,0,1,0,0,0,0,0,0,1
423.0,.OH-LXL,A321 (1),173.1,0.26,16.17,0.4,792,3448,3499,66047,23.5,-2.46,749,743,1.115,1.094,85.1,85.1,96.4,96.8,33.8,33.8,1,1,0,1.5,10.0,0,0,0.0,0.0,0.0,0.0,0.0,0.0,0,6947.0,1,0,0,0,1,0,0,0,0,0,0,1
423.25,.OH-LXL,A321 (1),173.1,0.26,16.17,0.4,792,3448,3499,66047,23.5,-2.46,749,743,1.115,1.094,85.1,85.1,96.4,96.8,33.8,33.8,1,1,0,1.5,10.0,0,0,0.0,0.0,0.0,0.0,0.0,0.0,0,6947.0,1,0,0,0,1,0,0,0,0,0,0,1
423.5,.OH-LXL,A321 (1),173.1,0.26,16.17,0.4,792,3448,3499,66047,23.5,-2.46,749,743,1.115,1.094,85.1,85.1,96.4,96.8,33.8,33.8,1,1,0,1.5,10.0,0,0,0.0,0.0,0.0,0.0,0.0,0.0,0,6947.0,1,0,0,0,1,0,0,0,0,0,0,1
423.75,.OH-LXL,A321 (1),173.1,0.26,16.17,0.4,792,3448,3499,66047,23.5,-2.46,749,743,1.115,1.094,85.1,85.1,96.4,96.8,33.8,33.8,1,1,0,1.5,10.0,0,0,0.0,0.0,0.0,0.0,0.0,0.0,0,6947.0,1,0,0,0,1,0,0,0,0,0,0,1
424.0,.OH-LXL,A321 (1),172.6,0.26,16.17,0.0,844,3452,3503,66047,23.5,-2.46,749,743,1.111,1.09,85.1,85.1,96.5,96.8,33.8,33.8,1,1,0,1.5,10.0,0,0,0.0,0.0,0.0,0.0,0.0,0.0,0,6955.0,1,0,0,0,1,0,0,0,0,0,0,1
424.25,.OH-LXL,A321 (1),172.6,0.26,16.52,0.0,844,3452,3503,66047,23.5,-2.46,749,743,1.111,1.09,85.1,85.1,96.5,96.8,33.8,33.8,1,1,0,1.5,10.0,0,0,0.0,0.0,0.0,0.0,0.0,0.0,0,6955.0,1,0,0,0,1,0,0,0,0,0,0,1
424.5,.OH-LXL,A321 (1),172.6,0.26,16.52,0.0,844,3452,3503,66047,23.5,-2.46,749,743,1.111,1.09,85.1,85.1,96.5,96.8,33.8,33.8,1,1,0,1.5,10.0,0,0,0.0,0.0,0.0,0.0,0.0,0.0,0,6955.0,1,0,0,0,1,0,0,0,0,0,0,1
424.75,.OH-LXL,A321 (1),172.6,0.26,16.88,0.0,844,3452,3503,66047,23.5,-2.46,749,743,1.111,1.09,85.1,85.1,96.5,96.8,33.8,33.8,1,1,0,1.5,10.0,0,0,0.0,0.0,0.0,0.0,0.0,0.0,0,6955.0,1,0,0,0,1,0,0,0,0,0,0,1
425.0,.OH-LXL,A321 (1),170.9,0.26,16.88,0.0,896,3434,3497,66047,23.0,-2.46,749,743,1.111,1.09,85.1,85.1,96.4,96.6,33.8,33.8,1,1,0,1.5,10.0,0,0,0.0,0.0,0.0,0.0,0.0,0.0,0,6931.0,1,0,0,0,1,0,0,0,0,0,0,1
425.25,.OH-LXL,A321 (1),170.9,0.26,17.23,0.0,896,3434,3497,66047,23.0,-2.46,749,743,1.111,1.09,85.1,85.1,96.4,96.6,33.8,33.8,1,1,0,1.5,10.0,0,0,0.0,0.0,0.0,0.0,0.0,0.0,0,6931.0,1,0,0,0,1,0,0,0,0,0,0,1
425.5,.OH-LXL,A321 (1),170.9,0.26,17.23,0.4,896,3434,3497,66047,23.0,-2.46,749,743,1.111,1.09,85.1,85.1,96.4,96.6,33.8,33.8,1,1,0,1.5,10.0,0,0,0.0,0.0,0.0,0.0,0.0,0.0,0,6931.0,1,0,0,0,1,0,0,0,0,0,0,1
425.75,.OH-LXL,A321 (1),170.9,0.26,17.23,0.4,896,3434,3497,66047,23.0,-2.46,749,743,1.111,1.09,85.1,85.1,96.4,96.6,33.8,33.8,1,1,0,1.5,10.0,0,0,0.0,0.0,0.0,0.0,0.0,0.0,0,6931.0,1,0,0,0,1,0,0,0,0,0,0,1
426.0,.OH-LXL,A321 (1),170.8,0.26,17.23,0.7,952,3428,3492,66029,23.0,-3.16,749,742,1.109,1.09,85.1,85.3,96.4,96.6,33.8,33.8,1,1,0,1.5,10.0,0,0,0.0,0.0,0.0,0.0,0.0,0.0,0,6920.0,1,0,0,0,1,0,0,0,0,0,0,1
426.25,.OH-LXL,A321 (1),170.8,0.26,16.88,0.7,952,3428,3492,66029,23.0,-3.16,749,742,1.109,1.09,85.1,85.3,96.4,96.6,33.8,33.8,1,1,0,1.5,10.0,0,0,0.0,0.0,0.0,0.0,0.0,0.0,0,6920.0,1,0,0,0,1,0,0,0,0,0,0,1
426.5,.OH-LXL,A321 (1),170.8,0.26,16.88,0.4,952,3428,3492,66029,23.0,-3.16,749,742,1.109,1.09,85.1,85.3,96.4,96.6,33.8,33.8,1,1,0,1.5,10.0,0,0,0.0,0.0,0.0,0.0,0.0,0.0,0,6920.0,1,0,0,0,1,0,0,0,0,0,0,1
426.75,.OH-LXL,A321 (1),170.8,0.26,16.88,0.4,952,3428,3492,66029,23.0,-3.16,749,742,1.109,1.09,85.1,85.3,96.4,96.6,33.8,33.8,1,1,0,1.5,10.0,0,0,0.0,0.0,0.0,0.0,0.0,0.0,0,6920.0,1,0,0,0,1,0,0,0,0,0,0,1
427.0,.OH-LXL,A321 (1),169.1,0.26,16.52,-0.4,1004,3421,3496,66029,22.5,-3.16,748,742,1.109,1.088,85.1,85.3,96.4,96.6,33.8,33.8,1,1,0,1.5,10.0,0,0,0.0,0.0,0.0,0.0,0.0,0.0,0,6917.0,1,0,0,0,1,0,0,0,0,0,0,1
427.25,.OH-LXL,A321 (1),169.1,0.26,16.52,-0.4,1004,3421,3496,66029,22.5,-3.16,748,742,1.109,1.088,85.1,85.3,96.4,96.6,33.8,33.8,1,1,0,1.5,10.0,0,0,0.0,0.0,0.0,0.0,0.0,0.0,0,6917.0,1,0,0,0,1,0,0,0,0,0,0,1
427.5,.OH-LXL,A321 (1),169.1,0.26,16.52,-0.7,1004,3421,3496,66029,22.5,-3.16,748,742,1.109,1.088,85.1,85.3,96.4,96.6,33.8,33.8,1,1,0,1.5,10.0,0,0,0.0,0.0,0.0,0.0,0.0,0.0,0,6917.0,1,0,0,0,1,0,0,0,0,0,0,1
427.75,.OH-LXL,A321 (1),169.1,0.26,16.52,-0.7,1004,3421,3496,66029,22.5,-3.16,748,742,1.109,1.088,85.1,85.3,96.4,96.6,33.8,33.8,1,1,0,1.5,10.0,0,0,0.0,0.0,0.0,0.0,0.0,0.0,0,6917.0,1,0,0,0,1,0,0,0,0,0,0,1
428.0,.OH-LXL,A321 (1),166.1,0.26,16.52,-0.4,1064,3401,3490,66029,22.5,-3.16,748,743,1.107,1.09,85.1,85.3,96.4,96.6,33.8,33.8,1,1,0,1.5,10.0,0,0,0.0,0.0,0.0,0.0,0.0,0.0,0,6891.0,1,0,0,0,1,0,0,0,0,0,0,1
428.25,.OH-LXL,A321 (1),166.1,0.26,16.52,-0.4,1064,3401,3490,66029,22.5,-3.16,748,743,1.107,1.09,85.1,85.3,96.4,96.6,33.8,33.8,1,1,0,1.5,10.0,0,0,0.0,0.0,0.0,0.0,0.0,0.0,0,6891.0,1,0,0,0,1,0,0,0,0,0,0,1
428.5,.OH-LXL,A321 (1),166.1,0.26,16.88,-0.4,1064,3401,3490,66029,22.5,-3.16,748,743,1.107,1.09,85.1,85.3,96.4,96.6,33.8,33.8,1,1,0,1.5,10.0,0,0,0.0,0.0,0.0,0.0,0.0,0.0,0,6891.0,1,0,0,0,1,0,0,0,0,0,0,1
428.75,.OH-LXL,A321 (1),166.1,0.26,16.88,-0.4,1064,3401,3490,66029,22.5,-3.16,748,743,1.107,1.09,85.1,85.3,96.4,96.6,33.8,33.8,1,1,0,1.5,10.0,0,0,0.0,0.0,0.0,0.0,0.0,0.0,0,6891.0,1,0,0,0,1,0,0,0,0,0,0,1
429.0,.OH-LXL,A321 (1),165.5,0.26,16.88,-0.4,1116,3418,3485,66029,22.0,-3.16,748,743,1.107,1.086,85.3,85.3,96.4,96.6,33.8,33.8,1,1,0,1.5,10.0,0,0,0.0,0.0,0.0,0.0,0.0,0.0,0,6903.0,1,0,0,0,1,0,0,0,0,0,0,1
429.25,.OH-LXL,A321 (1),165.5,0.26,16.88,-0.4,1116,3418,3485,66029,22.0,-3.16,748,743,1.107,1.086,85.3,85.3,96.4,96.6,33.8,33.8,1,1,0,1.5,10.0,0,0,0.0,0.0,0.0,0.0,0.0,0.0,0,6903.0,1,0,0,0,1,0,0,0,0,0,0,1
429.5,.OH-LXL,A321 (1),165.5,0.26,16.88,0.0,1116,3418,3485,66029,22.0,-3.16,748,743,1.107,1.086,85.3,85.3,96.4,96.6,33.8,33.8,1,1,0,1.5,10.0,0,0,0.0,0.0,0.0,0.0,0.0,0.0,0,6903.0,1,0,0,0,1,0,0,0,0,0,0,1
429.75,.OH-LXL,A321 (1),165.5,0.26,16.88,0.0,1116,3418,3485,66029,22.0,-3.16,748,743,1.107,1.086,85.3,85.3,96.4,96.6,33.8,33.8,1,1,0,1.5,10.0,0,0,0.0,0.0,0.0,0.0,0.0,0.0,0,6903.0,1,0,0,0,1,0,0,0,0,0,0,1
430.0,.OH-LXL,A321 (1),163.5,0.26,16.88,0.7,1172,3403,3465,66029,22.0,-4.13,748,742,1.105,1.088,85.3,85.4,96.4,96.6,33.8,33.8,1,1,0,1.5,10.0,0,0,0.0,0.0,0.0,0.0,0.0,0.0,0,6868.0,1,0,0,0,1,0,0,0,0,0,0,1
430.25,.OH-LXL,A321 (1),163.5,0.26,16.88,0.7,1172,3403,3465,66029,22.0,-4.13,748,742,1.105,1.088,85.3,85.4,96.4,96.6,33.8,33.8,1,1,0,1.5,10.0,0,0,0.0,0.0,0.0,0.0,0.0,0.0,0,6868.0,1,0,0,0,1,0,0,0,0,0,0,1
430.5,.OH-LXL,A321 (1),163.5,0.26,16.88,1.1,1172,3403,3465,66029,22.0,-4.13,748,742,1.105,1.088,85.3,85.4,96.4,96.6,33.8,33.8,1,1,0,1.5,10.0,0,0,0.0,0.0,0.0,0.0,0.0,0.0,0,6868.0,1,0,0,0,1,0,0,0,0,0,0,1
430.75,.OH-LXL,A321 (1),163.5,0.26,16.88,1.1,1172,3403,3465,66029,22.0,-4.13,748,742,1.105,1.088,85.3,85.4,96.4,96.6,33.8,33.8,1,1,0,1.5,10.0,0,0,0.0,0.0,0.0,0.0,0.0,0.0,0,6868.0,1,0,0,0,1,0,0,0,0,0,0,1
431.0,.OH-LXL,A321 (1),162.5,0.26,16.52,0.4,1228,3385,3481,66029,21.5,-4.13,748,742,1.104,1.086,85.3,85.4,96.4,96.6,33.8,33.8,1,1,0,1.5,10.0,0,0,0.1,0.0,0.0,0.0,0.0,0.0,0,6866.0,1,0,0,0,1,0,0,0,0,0,0,1
431.25,.OH-LXL,A321 (1),162.5,0.26,16.52,0.4,1228,3385,3481,66029,21.5,-4.13,748,742,1.104,1.086,85.3,85.4,96.4,96.6,33.8,33.8,1,1,0,1.5,10.0,0,0,0.1,0.0,0.0,0.0,0.0,0.0,0,6866.0,1,0,0,0,1,0,0,0,0,0,0,1
431.5,.OH-LXL,A321 (1),162.5,0.26,16.17,-0.4,1228,3385,3481,66029,21.5,-4.13,748,742,1.104,1.086,85.3,85.4,96.4,96.6,33.8,33.8,1,1,0,1.5,10.0,0,0,0.1,0.0,0.0,0.0,0.0,0.0,0,6866.0,1,0,0,0,1,0,0,0,0,0,0,1
431.75,.OH-LXL,A321 (1),162.5,0.26,16.17,-0.4,1228,3385,3481,66029,21.5,-4.13,748,742,1.104,1.086,85.3,85.4,96.4,96.6,33.8,33.8,1,1,0,1.5,10.0,0,0,0.1,0.0,0.0,0.0,0.0,0.0,0,6866.0,1,0,0,0,1,0,0,0,0,0,0,1
432.0,.OH-LXL,A321 (1),162.1,0.25,15.82,-0.4,1276,3381,3467,66029,21.5,-4.13,747,742,1.104,1.086,85.3,85.4,96.4,96.6,33.8,33.8,1,1,0,1.5,10.0,0,0,0.2,0.3,0.2,0.0,0.0,0.0,0,6848.0,1,0,0,0,1,0,0,0,0,0,0,1
432.25,.OH-LXL,A321 (1),162.1,0.25,15.47,-0.4,1276,3381,3467,66029,21.5,-4.13,747,742,1.104,1.086,85.3,85.4,96.4,96.6,33.8,33.8,1,1,0,1.5,10.0,0,0,0.2,0.3,0.2,0.0,0.0,0.0,0,6848.0,1,0,0,0,1,0,0,0,0,0,0,1
432.5,.OH-LXL,A321 (1),162.1,0.25,15.47,-0.7,1276,3381,3467,66029,21.5,-4.13,747,742,1.104,1.086,85.3,85.4,96.4,96.6,33.8,33.8,1,1,0,1.5,10.0,0,0,0.2,0.3,0.2,0.0,0.0,0.0,0,6848.0,1,0,0,0,1,0,0,0,0,0,0,1
432.75,.OH-LXL,A321 (1),162.1,0.25,15.12,-0.7,1276,3381,3467,66029,21.5,-4.13,747,742,1.104,1.086,85.3,85.4,96.4,96.6,33.8,33.8,1,1,0,1.5,10.0,0,0,0.2,0.3,0.2,0.0,0.0,0.0,0,6848.0,1,0,0,0,1,0,0,0,0,0,0,1
433.0,.OH-LXL,A321 (1),160.0,0.25,14.77,-1.1,1328,3383,3461,66029,21.0,-4.13,747,742,1.102,1.084,85.3,85.4,96.4,96.6,33.8,33.8,1,1,0,1.5,10.0,0,0,0.0,0.0,0.0,0.0,0.0,0.0,0,6844.0,1,0,0,0,1,0,0,0,0,0,0,1
433.25,.OH-LXL,A321 (1),160.0,0.25,14.77,-1.1,1328,3383,3461,66029,21.0,-4.13,747,742,1.102,1.084,85.3,85.4,96.4,96.6,33.8,33.8,1,1,0,1.5,10.0,0,0,0.0,0.0,0.0,0.0,0.0,0.0,0,6844.0,1,0,0,0,1,0,0,0,0,0,0,1
433.5,.OH-LXL,A321 (1),160.0,0.25,14.41,-1.1,1328,3383,3461,66029,21.0,-4.13,747,742,1.102,1.084,85.3,85.4,96.4,96.6,33.8,33.8,1,1,0,1.5,10.0,0,0,0.0,0.0,0.0,0.0,0.0,0.0,0,6844.0,1,0,0,0,1,0,0,0,0,0,0,1
433.75,.OH-LXL,A321 (1),160.0,0.25,14.41,-1.1,1328,3383,3461,66029,21.0,-4.13,747,742,1.102,1.084,85.3,85.4,96.4,96.6,33.8,33.8,1,1,0,1.5,10.0,0,0,0.0,0.0,0.0,0.0,0.0,0.0,0,6844.0,1,0,0,0,1,0,0,0,0,0,0,1
434.0,.OH-LXL,A321 (1),159.8,0.25,14.06,-0.7,1372,3390,3459,66029,21.0,-3.52,748,742,1.102,1.082,85.4,85.4,96.4,96.6,33.8,33.8,1,1,0,1.5,10.0,0,0,0.0,0.0,0.0,0.0,0.0,0.0,0,6849.0,1,0,0,0,1,0,0,0,0,0,0,1
434.25,.OH-LXL,A321 (1),159.8,0.25,13.71,-0.7,1372,3390,3459,66029,21.0,-3.52,748,742,1.102,1.082,85.4,85.4,96.4,96.6,33.8,33.8,1,1,0,1.5,10.0,0,0,0.0,0.0,0.0,0.0,0.0,0.0,0,6849.0,1,0,0,0,1,0,0,0,0,0,0,1
434.5,.OH-LXL,A321 (1),159.8,0.25,13.36,-0.7,1372,3390,3459,66029,21.0,-3.52,748,742,1.102,1.082,85.4,85.4,96.4,96.6,33.8,33.8,1,1,0,1.5,10.0,0,0,0.0,0.0,0.0,0.0,0.0,0.0,0,6849.0,1,0,0,0,1,0,0,0,0,0,0,1
434.75,.OH-LXL,A321 (1),159.8,0.25,13.36,-0.7,1372,3390,3459,66029,21.0,-3.52,748,742,1.102,1.082,85.4,85.4,96.4,96.6,33.8,33.8,1,1,0,1.5,10.0,0,0,0.0,0.0,0.0,0.0,0.0,0.0,0,6849.0,1,0,0,0,1,0,0,0,0,0,0,1
435.0,.OH-LXL,A321 (1),158.5,0.25,13.01,-0.4,1420,3381,3443,66029,20.8,-3.52,747,741,1.102,1.08,85.4,85.3,96.4,96.6,33.8,33.8,1,1,0,1.5,10.0,0,0,0.0,0.0,0.0,0.0,0.0,0.0,0,6824.0,1,0,0,0,1,0,0,0,0,0,0,1
435.25,.OH-LXL,A321 (1),158.5,0.25,12.66,-0.4,1420,3381,3443,66029,20.8,-3.52,747,741,1.102,1.08,85.4,85.3,96.4,96.6,33.8,33.8,1,1,0,1.5,10.0,0,0,0.0,0.0,0.0,0.0,0.0,0.0,0,6824.0,1,0,0,0,1,0,0,0,0,0,0,1
435.5,.OH-LXL,A321 (1),158.5,0.25,12.66,0.0,1420,3381,3443,66029,20.8,-3.52,747,741,1.102,1.08,85.4,85.3,96.4,96.6,33.8,33.8,1,1,0,1.5,10.0,0,0,0.0,0.0,0.0,0.0,0.0,0.0,0,6824.0,1,0,0,0,1,0,0,0,0,0,0,1
435.75,.OH-LXL,A321 (1),158.5,0.25,12.3,0.0,1420,3381,3443,66029,20.8,-3.52,747,741,1.102,1.08,85.4,85.3,96.4,96.6,33.8,33.8,1,1,0,1.5,10.0,0,0,0.0,0.0,0.0,0.0,0.0,0.0,0,6824.0,1,0,0,0,1,0,0,0,0,0,0,1
436.0,.OH-LXL,A321 (1),162.1,0.25,12.3,0.0,1452,3372,3439,66029,20.8,-3.52,747,741,1.102,1.08,85.4,85.4,96.4,96.5,33.8,33.8,1,1,0,1.5,10.0,0,0,0.0,0.0,0.0,0.0,0.0,0.0,0,6811.0,1,0,0,0,1,0,0,0,0,0,0,1
436.25,.OH-LXL,A321 (1),162.1,0.25,11.95,0.0,1452,3372,3439,66029,20.8,-3.52,747,741,1.102,1.08,85.4,85.4,96.4,96.5,33.8,33.8,1,1,0,1.5,10.0,0,0,0.0,0.0,0.0,0.0,0.0,0.0,0,6811.0,1,0,0,0,1,0,0,0,0,0,0,1
436.5,.OH-LXL,A321 (1),162.1,0.25,11.6,-0.4,1452,3372,3439,66029,20.8,-3.52,747,741,1.102,1.08,85.4,85.4,96.4,96.5,33.8,33.8,1,1,0,1.5,10.0,0,0,0.0,0.0,0.0,0.0,0.0,0.0,0,6811.0,1,0,0,0,1,0,0,0,0,0,0,1
436.75,.OH-LXL,A321 (1),162.1,0.25,11.25,-0.4,1452,3372,3439,66029,20.8,-3.52,747,741,1.102,1.08,85.4,85.4,96.4,96.5,33.8,33.8,1,1,0,1.5,10.0,0,0,0.0,0.0,0.0,0.0,0.0,0.0,0,6811.0,1,0,0,0,1,0,0,0,0,0,0,1
437.0,.OH-LXL,A321 (1),161.9,0.25,10.9,-0.4,1488,3378,3441,66029,20.5,-3.52,747,741,1.102,1.082,85.4,85.4,96.4,96.5,33.8,33.8,1,1,0,1.5,10.0,0,0,0.0,0.0,0.0,0.0,0.0,0.0,0,6819.0,1,0,0,0,1,0,0,0,0,0,0,1
437.25,.OH-LXL,A321 (1),161.9,0.25,10.55,-0.4,1488,3378,3441,66029,20.5,-3.52,747,741,1.102,1.082,85.4,85.4,96.4,96.5,33.8,33.8,1,1,0,1.5,10.0,0,0,0.0,0.0,0.0,0.0,0.0,0.0,0,6819.0,1,0,0,0,1,0,0,0,0,0,0,1
437.5,.OH-LXL,A321 (1),161.9,0.25,10.55,-0.4,1488,3378,3441,66029,20.5,-3.52,747,741,1.102,1.082,85.4,85.4,96.4,96.5,33.8,33.8,1,1,0,1.5,10.0,0,0,0.0,0.0,0.0,0.0,0.0,0.0,0,6819.0,1,0,0,0,1,0,0,0,0,0,0,1
437.75,.OH-LXL,A321 (1),161.9,0.25,10.55,-0.4,1488,3378,3441,66029,20.5,-3.52,747,741,1.102,1.082,85.4,85.4,96.4,96.5,33.8,33.8,1,1,0,1.5,10.0,0,0,0.0,0.0,0.0,0.0,0.0,0.0,0,6819.0,1,0,0,0,1,0,0,0,0,0,0,1
438.0,.OH-LXL,A321 (1),161.0,0.25,10.55,-0.4,1516,3378,3443,66011,20.5,-2.02,747,741,1.1,1.08,85.3,85.4,96.4,96.5,33.8,33.8,1,1,0,1.5,10.0,0,0,0.0,0.0,0.0,0.0,0.0,0.0,0,6821.0,1,0,0,0,1,0,0,0,0,0,0,1
438.25,.OH-LXL,A321 (1),161.0,0.25,10.55,-0.4,1516,3378,3443,66011,20.5,-2.02,747,741,1.1,1.08,85.3,85.4,96.4,96.5,33.8,33.8,1,1,0,1.5,10.0,0,0,0.0,0.0,0.0,0.0,0.0,0.0,0,6821.0,1,0,0,0,1,0,0,0,0,0,0,1
438.5,.OH-LXL,A321 (1),161.0,0.25,10.55,-0.7,1516,3378,3443,66011,20.5,-2.02,747,741,1.1,1.08,85.3,85.4,96.4,96.5,33.8,33.8,1,1,0,1.5,10.0,0,0,0.0,0.0,0.0,0.0,0.0,0.0,0,6821.0,1,0,0,0,1,0,0,0,0,0,0,1
438.75,.OH-LXL,A321 (1),161.0,0.25,10.55,-0.7,1516,3378,3443,66011,20.5,-2.02,747,741,1.1,1.08,85.3,85.4,96.4,96.5,33.8,33.8,1,1,0,1.5,10.0,0,0,0.0,0.0,0.0,0.0,0.0,0.0,0,6821.0,1,0,0,0,1,0,0,0,0,0,0,1
439.0,.OH-LXL,A321 (1),166.1,0.25,10.55,-1.1,1540,3367,3445,66011,20.3,-2.02,747,741,1.102,1.08,85.4,85.3,96.3,96.5,33.8,33.8,1,1,0,1.5,10.0,0,0,0.0,0.0,0.0,0.0,0.0,0.0,0,6812.0,1,0,0,0,1,0,0,0,0,0,0,1
439.25,.OH-LXL,A321 (1),166.1,0.25,10.55,-1.1,1540,3367,3445,66011,20.3,-2.02,747,741,1.102,1.08,85.4,85.3,96.3,96.5,33.8,33.8,1,1,0,1.5,10.0,0,0,0.0,0.0,0.0,0.0,0.0,0.0,0,6812.0,1,0,0,0,1,0,0,0,0,0,0,1
439.5,.OH-LXL,A321 (1),166.1,0.25,10.2,-1.1,1540,3367,3445,66011,20.3,-2.02,747,741,1.102,1.08,85.4,85.3,96.3,96.5,33.8,33.8,1,1,0,1.5,10.0,0,0,0.0,0.0,0.0,0.0,0.0,0.0,0,6812.0,1,0,0,0,1,0,0,0,0,0,0,1
439.75,.OH-LXL,A321 (1),166.1,0.25,10.2,-1.1,1540,3367,3445,66011,20.3,-2.02,747,741,1.102,1.08,85.4,85.3,96.3,96.5,33.8,33.8,1,1,0,1.5,10.0,0,0,0.0,0.0,0.0,0.0,0.0,0.0,0,6812.0,1,0,0,0,1,0,0,0,0,0,0,1
440.0,.OH-LXL,A321 (1),165.5,0.26,10.2,-1.4,1560,3336,3428,66011,20.3,-2.02,746,740,1.084,1.061,85.1,84.6,96.0,96.5,25.3,25.3,1,1,0,1.5,10.0,0,0,0.0,0.0,0.0,0.0,0.0,0.0,0,6764.0,1,0,0,0,1,0,0,0,0,0,0,1
440.25,.OH-LXL,A321 (1),165.5,0.26,10.2,-1.4,1560,3336,3428,66011,20.3,-2.02,746,740,1.084,1.061,85.1,84.6,96.0,96.5,25.3,25.3,1,1,0,1.5,10.0,0,0,0.0,0.0,0.0,0.0,0.0,0.0,0,6764.0,1,0,0,0,1,0,0,0,0,0,0,1
440.5,.OH-LXL,A321 (1),165.5,0.26,10.2,-1.1,1560,3336,3428,66011,20.3,-2.02,746,740,1.084,1.061,85.1,84.6,96.0,96.5,25.3,25.3,1,1,0,1.5,10.0,0,0,0.0,0.0,0.0,0.0,0.0,0.0,0,6764.0,1,0,0,0,1,0,0,0,0,0,0,1
440.75,.OH-LXL,A321 (1),165.5,0.26,10.55,-1.1,1560,3336,3428,66011,20.3,-2.02,746,740,1.084,1.061,85.1,84.6,96.0,96.5,25.3,25.3,1,1,0,1.5,10.0,0,0,0.0,0.0,0.0,0.0,0.0,0.0,0,6764.0,1,0,0,0,1,0,0,0,0,0,0,1
441.0,.OH-LXL,A321 (1),166.5,0.26,10.55,-0.7,1588,3278,3332,66011,20.3,-2.02,742,737,1.084,1.063,84.4,84.5,96.0,96.3,22.5,22.5,1,1,0,1.5,10.0,0,0,0.0,0.0,0.0,0.0,0.0,0.0,0,6610.0,1,0,0,0,1,0,0,0,0,0,0,1
441.25,.OH-LXL,A321 (1),166.5,0.26,10.55,-0.7,1588,3278,3332,66011,20.3,-2.02,742,737,1.084,1.063,84.4,84.5,96.0,96.3,22.5,22.5,1,1,0,1.5,10.0,0,0,0.0,0.0,0.0,0.0,0.0,0.0,0,6610.0,1,0,0,0,1,0,0,0,0,0,0,1
441.5,.OH-LXL,A321 (1),166.5,0.26,10.55,-0.4,1588,3278,3332,66011,20.3,-2.02,742,737,1.084,1.063,84.4,84.5,96.0,96.3,22.5,22.5,1,1,0,1.5,10.0,0,0,0.0,0.0,0.0,0.0,0.0,0.0,0,6610.0,1,0,0,0,1,0,0,0,0,0,0,1
441.75,.OH-LXL,A321 (1),166.5,0.26,10.55,-0.4,1588,3278,3332,66011,20.3,-2.02,742,737,1.084,1.063,84.4,84.5,96.0,96.3,22.5,22.5,1,1,0,1.5,10.0,0,0,0.0,0.0,0.0,0.0,0.0,0.0,0,6610.0,1,0,0,0,1,0,0,0,0,0,0,1
442.0,.OH-LXL,A321 (1),168.6,0.26,10.55,0.0,1612,3276,3341,66011,20.3,-2.81,742,737,1.082,1.063,84.5,84.5,95.9,96.3,22.5,22.5,1,1,0,1.5,10.0,0,0,0.0,0.0,0.0,0.0,0.0,0.0,0,6617.0,1,0,0,0,1,0,0,0,0,0,0,1
442.25,.OH-LXL,A321 (1),168.6,0.26,10.55,0.0,1612,3276,3341,66011,20.3,-2.81,742,737,1.082,1.063,84.5,84.5,95.9,96.3,22.5,22.5,1,1,0,1.5,10.0,0,0,0.0,0.0,0.0,0.0,0.0,0.0,0,6617.0,1,0,0,0,1,0,0,0,0,0,0,1
442.5,.OH-LXL,A321 (1),168.6,0.26,10.55,0.4,1612,3276,3341,66011,20.3,-2.81,742,737,1.082,1.063,84.5,84.5,95.9,96.3,22.5,22.5,1,1,0,1.5,10.0,0,0,0.0,0.0,0.0,0.0,0.0,0.0,0,6617.0,1,0,0,0,1,0,0,0,0,0,0,1
442.75,.OH-LXL,A321 (1),168.6,0.26,10.55,0.4,1612,3276,3341,66011,20.3,-2.81,742,737,1.082,1.063,84.5,84.5,95.9,96.3,22.5,22.5,1,1,0,1.5,10.0,0,0,0.0,0.0,0.0,0.0,0.0,0.0,0,6617.0,1,0,0,0,1,0,0,0,0,0,0,1
443.0,.OH-LXL,A321 (1),169.5,0.26,10.55,0.0,1632,3294,3363,66011,20.3,-2.81,741,737,1.082,1.059,84.5,84.4,95.9,96.1,22.5,22.5,1,1,0,1.5,10.0,0,0,0.0,0.0,0.0,0.0,0.0,0.0,0,6657.0,1,0,0,0,1,0,0,0,0,0,0,1
443.25,.OH-LXL,A321 (1),169.5,0.26,10.2,0.0,1632,3294,3363,66011,20.3,-2.81,741,737,1.082,1.059,84.5,84.4,95.9,96.1,22.5,22.5,1,1,0,1.5,10.0,0,0,0.0,0.0,0.0,0.0,0.0,0.0,0,6657.0,1,0,0,0,1,0,0,0,0,0,0,1
443.5,.OH-LXL,A321 (1),169.5,0.26,10.2,-0.4,1632,3294,3363,66011,20.3,-2.81,741,737,1.082,1.059,84.5,84.4,95.9,96.1,22.5,22.5,1,1,0,1.5,10.0,0,0,0.0,0.0,0.0,0.0,0.0,0.0,0,6657.0,1,0,0,0,1,0,0,0,0,0,0,1
443.75,.OH-LXL,A321 (1),169.5,0.26,10.2,-0.4,1632,3294,3363,66011,20.3,-2.81,741,737,1.082,1.059,84.5,84.4,95.9,96.1,22.5,22.5,1,1,0,1.5,10.0,0,0,0.0,0.0,0.0,0.0,0.0,0.0,0,6657.0,1,0,0,0,1,0,0,0,0,0,0,1
444.0,.OH-LXL,A321 (1),169.3,0.26,10.2,0.0,1660,3271,3329,66011,20.3,-2.81,741,735,1.082,1.061,84.4,84.5,95.9,96.1,22.5,22.5,1,1,0,1.5,10.0,0,0,0.0,0.0,0.0,0.0,0.0,0.0,0,6600.0,1,0,0,0,1,0,0,0,0,0,0,1
444.25,.OH-LXL,A321 (1),169.3,0.26,10.2,0.0,1660,3271,3329,66011,20.3,-2.81,741,735,1.082,1.061,84.4,84.5,95.9,96.1,22.5,22.5,1,1,0,1.5,10.0,0,0,0.0,0.0,0.0,0.0,0.0,0.0,0,6600.0,1,0,0,0,1,0,0,0,0,0,0,1
444.5,.OH-LXL,A321 (1),169.3,0.26,10.2,0.7,1660,3271,3329,66011,20.3,-2.81,741,735,1.082,1.061,84.4,84.5,95.9,96.1,22.5,22.5,1,1,0,1.5,10.0,0,0,0.0,0.0,0.0,0.0,0.0,0.0,0,6600.0,1,0,0,0,1,0,0,0,0,0,0,1
444.75,.OH-LXL,A321 (1),169.3,0.26,10.2,0.7,1660,3271,3329,66011,20.3,-2.81,741,735,1.082,1.061,84.4,84.5,95.9,96.1,22.5,22.5,1,1,0,1.5,10.0,0,0,0.0,0.0,0.0,0.0,0.0,0.0,0,6600.0,1,0,0,0,1,0,0,0,0,0,0,1
445.0,.OH-LXL,A321 (1),171.8,0.26,10.2,1.1,1688,3274,3338,66011,20.3,-2.81,741,735,1.078,1.061,84.5,84.5,95.9,96.1,22.5,22.5,1,1,0,1.5,10.0,0,0,0.0,0.0,0.0,0.0,0.0,0.0,0,6612.0,1,0,0,0,1,0,0,0,0,0,0,1
445.25,.OH-LXL,A321 (1),171.8,0.26,10.2,1.1,1688,3274,3338,66011,20.3,-2.81,741,735,1.078,1.061,84.5,84.5,95.9,96.1,22.5,22.5,1,1,0,1.5,10.0,0,0,0.0,0.0,0.0,0.0,0.0,0.0,0,6612.0,1,0,0,0,1,0,0,0,0,0,0,1
445.5,.OH-LXL,A321 (1),171.8,0.26,10.55,1.1,1688,3274,3338,66011,20.3,-2.81,741,735,1.078,1.061,84.5,84.5,95.9,96.1,22.5,22.5,1,1,0,1.5,10.0,0,0,0.0,0.0,0.0,0.0,0.0,0.0,0,6612.0,1,0,0,0,1,0,0,0,0,0,0,1
445.75,.OH-LXL,A321 (1),171.8,0.26,10.2,1.1,1688,3274,3338,66011,20.3,-2.81,741,735,1.078,1.061,84.5,84.5,95.9,96.1,22.5,22.5,1,1,0,1.5,10.0,0,0,0.0,0.0,0.0,0.0,0.0,0.0,0,6612.0,1,0,0,0,1,0,0,0,0,0,0,1
446.0,.OH-LXL,A321 (1),169.0,0.26,10.2,0.7,1708,3265,3336,66011,20.3,-1.49,740,735,1.078,1.059,84.5,84.4,95.9,96.1,22.5,22.5,1,1,0,1.5,10.0,0,0,0.0,0.0,0.0,0.0,0.0,0.0,0,6601.0,1,0,0,0,1,0,0,0,0,0,0,1
446.25,.OH-LXL,A321 (1),169.0,0.26,10.2,0.7,1708,3265,3336,66011,20.3,-1.49,740,735,1.078,1.059,84.5,84.4,95.9,96.1,22.5,22.5,1,1,0,1.5,10.0,0,0,0.0,0.0,0.0,0.0,0.0,0.0,0,6601.0,1,0,0,0,1,0,0,0,0,0,0,1
446.5,.OH-LXL,A321 (1),169.0,0.26,10.2,0.0,1708,3265,3336,66011,20.3,-1.49,740,735,1.078,1.059,84.5,84.4,95.9,96.1,22.5,22.5,1,1,0,1.5,10.0,0,0,0.0,0.0,0.0,0.0,0.0,0.0,0,6601.0,1,0,0,0,1,0,0,0,0,0,0,1
446.75,.OH-LXL,A321 (1),169.0,0.26,10.2,0.0,1708,3265,3336,66011,20.3,-1.49,740,735,1.078,1.059,84.5,84.4,95.9,96.1,22.5,22.5,1,1,0,1.5,10.0,0,0,0.0,0.0,0.0,0.0,0.0,0.0,0,6601.0,1,0,0,0,1,0,0,0,0,0,0,1
447.0,.OH-LXL,A321 (1),174.6,0.26,9.84,-0.4,1736,3267,3321,66011,20.3,-1.49,740,734,1.08,1.061,84.5,84.5,95.9,96.1,22.5,22.5,1,1,0,1.5,10.0,0,0,0.0,0.0,0.0,0.0,0.0,0.0,0,6588.0,1,0,0,0,1,0,0,0,0,0,0,1
447.25,.OH-LXL,A321 (1),174.6,0.26,9.84,-0.4,1736,3267,3321,66011,20.3,-1.49,740,734,1.08,1.061,84.5,84.5,95.9,96.1,22.5,22.5,1,1,0,1.5,10.0,0,0,0.0,0.0,0.0,0.0,0.0,0.0,0,6588.0,1,0,0,0,1,0,0,0,0,0,0,1
447.5,.OH-LXL,A321 (1),174.6,0.26,9.84,0.0,1736,3267,3321,66011,20.3,-1.49,740,734,1.08,1.061,84.5,84.5,95.9,96.1,22.5,22.5,1,1,0,1.5,10.0,0,0,0.0,0.0,0.0,0.0,0.0,0.0,0,6588.0,1,0,0,0,1,0,0,0,0,0,0,1
447.75,.OH-LXL,A321 (1),174.6,0.26,9.84,0.0,1736,3267,3321,66011,20.3,-1.49,740,734,1.08,1.061,84.5,84.5,95.9,96.1,22.5,22.5,1,1,0,1.5,10.0,0,0,0.0,0.0,0.0,0.0,0.0,0.0,0,6588.0,1,0,0,0,1,0,0,0,0,0,0,1
448.0,.OH-LXL,A321 (1),174.4,0.27,9.49,0.7,1764,3280,3321,66011,20.3,-1.49,739,734,1.082,1.059,84.4,84.4,96.0,96.1,22.5,22.5,1,1,0,1.5,10.0,0,0,0.0,0.0,0.0,0.0,0.0,0.0,0,6601.0,1,0,0,0,1,0,0,0,0,0,0,1
448.25,.OH-LXL,A321 (1),174.4,0.27,9.49,0.7,1764,3280,3321,66011,20.3,-1.49,739,734,1.082,1.059,84.4,84.4,96.0,96.1,22.5,22.5,1,1,0,1.5,10.0,0,0,0.0,0.0,0.0,0.0,0.0,0.0,0,6601.0,1,0,0,0,1,0,0,0,0,0,0,1
448.5,.OH-LXL,A321 (1),174.4,0.27,9.49,1.1,1764,3280,3321,66011,20.3,-1.49,739,734,1.082,1.059,84.4,84.4,96.0,96.1,22.5,22.5,1,1,0,1.5,10.0,0,0,0.0,0.0,0.0,0.0,0.0,0.0,0,6601.0,1,0,0,0,1,0,0,0,0,0,0,1
448.75,.OH-LXL,A321 (1),174.4,0.27,9.49,1.1,1764,3280,3321,66011,20.3,-1.49,739,734,1.082,1.059,84.4,84.4,96.0,96.1,22.5,22.5,1,1,0,1.5,10.0,0,0,0.0,0.0,0.0,0.0,0.0,0.0,0,6601.0,1,0,0,0,1,0,0,0,0,0,0,1
449.0,.OH-LXL,A321 (1),175.1,0.27,9.49,1.1,1792,3263,3323,66011,20.0,-1.49,739,734,1.078,1.057,84.5,84.4,95.9,96.1,22.5,22.5,1,1,0,1.5,10.0,0,0,0.0,0.0,0.0,0.0,0.0,0.0,0,6586.0,1,0,0,0,1,0,0,0,0,0,0,1
449.25,.OH-LXL,A321 (1),175.1,0.27,9.49,1.1,1792,3263,3323,66011,20.0,-1.49,739,734,1.078,1.057,84.5,84.4,95.9,96.1,22.5,22.5,1,1,0,1.5,10.0,0,0,0.0,0.0,0.0,0.0,0.0,0.0,0,6586.0,1,0,0,0,1,0,0,0,0,0,0,1
449.5,.OH-LXL,A321 (1),175.1,0.27,9.49,1.1,1792,3263,3323,66011,20.0,-1.49,739,734,1.078,1.057,84.5,84.4,95.9,96.1,22.5,22.5,1,1,0,1.5,10.0,0,0,0.0,0.0,0.0,0.0,0.0,0.0,0,6586.0,1,0,0,0,1,0,0,0,0,0,0,1
449.75,.OH-LXL,A321 (1),175.1,0.27,9.49,1.1,1792,3263,3323,66011,20.0,-1.49,739,734,1.078,1.057,84.5,84.4,95.9,96.1,22.5,22.5,1,1,0,1.5,10.0,0,0,0.0,0.0,0.0,0.0,0.0,0.0,0,6586.0,1,0,0,0,1,0,0,0,0,0,0,1
450.0,.OH-LXL,A321 (1),175.6,0.27,9.49,1.1,1816,3253,3321,65993,20.0,-2.99,738,733,1.08,1.057,84.5,84.4,95.9,96.1,22.5,22.5,1,1,0,1.5,10.0,0,0,0.0,0.0,0.0,0.0,0.0,0.0,0,6574.0,1,0,0,0,1,0,0,0,0,0,0,1
450.25,.OH-LXL,A321 (1),175.6,0.27,9.14,1.1,1816,3253,3321,65993,20.0,-2.99,738,733,1.08,1.057,84.5,84.4,95.9,96.1,22.5,22.5,1,1,0,1.5,10.0,0,0,0.0,0.0,0.0,0.0,0.0,0.0,0,6574.0,1,0,0,0,1,0,0,0,0,0,0,1
450.5,.OH-LXL,A321 (1),175.6,0.27,9.14,1.1,1816,3253,3321,65993,20.0,-2.99,738,733,1.08,1.057,84.5,84.4,95.9,96.1,22.5,22.5,1,1,0,1.5,10.0,0,0,0.0,0.0,0.0,0.0,0.0,0.0,0,6574.0,1,0,0,0,1,0,0,0,0,0,0,1
450.75,.OH-LXL,A321 (1),175.6,0.27,9.14,1.1,1816,3253,3321,65993,20.0,-2.99,738,733,1.08,1.057,84.5,84.4,95.9,96.1,22.5,22.5,1,1,0,1.5,10.0,0,0,0.0,0.0,0.0,0.0,0.0,0.0,0,6574.0,1,0,0,0,1,0,0,0,0,0,0,1
451.0,.OH-LXL,A321 (1),175.8,0.27,9.14,1.4,1840,3269,3321,65993,20.0,-2.99,738,733,1.078,1.055,84.5,84.4,95.9,96.1,22.5,22.5,1,1,0,1.5,10.0,0,0,0.0,0.0,0.0,0.0,0.0,0.0,0,6590.0,1,0,0,0,1,0,0,0,0,0,0,1
451.25,.OH-LXL,A321 (1),175.8,0.27,8.79,1.4,1840,3269,3321,65993,20.0,-2.99,738,733,1.078,1.055,84.5,84.4,95.9,96.1,22.5,22.5,1,1,0,1.5,10.0,0,0,0.0,0.0,0.0,0.0,0.0,0.0,0,6590.0,1,0,0,0,1,0,0,0,0,0,0,1
451.5,.OH-LXL,A321 (1),175.8,0.27,8.79,1.8,1840,3269,3321,65993,20.0,-2.99,738,733,1.078,1.055,84.5,84.4,95.9,96.1,22.5,22.5,1,1,0,1.5,10.0,0,0,0.0,0.0,0.0,0.0,0.0,0.0,0,6590.0,1,0,0,0,1,0,0,0,0,0,0,1
451.75,.OH-LXL,A321 (1),175.8,0.27,8.79,1.8,1840,3269,3321,65993,20.0,-2.99,738,733,1.078,1.055,84.5,84.4,95.9,96.1,22.5,22.5,1,1,0,1.5,10.0,0,0,0.0,0.0,0.0,0.0,0.0,0.0,0,6590.0,1,0,0,0,1,0,0,0,0,0,0,1
452.0,.OH-LXL,A321 (1),177.6,0.28,8.79,1.1,1860,3256,3312,65993,20.0,-2.99,738,733,1.078,1.057,84.5,84.5,95.9,96.1,22.5,22.5,1,1,0,1.5,10.0,0,0,0.0,0.0,0.0,0.0,0.0,0.0,0,6568.0,1,0,0,0,1,0,0,0,0,0,0,1
452.25,.OH-LXL,A321 (1),177.6,0.28,8.79,1.1,1860,3256,3312,65993,20.0,-2.99,738,733,1.078,1.057,84.5,84.5,95.9,96.1,22.5,22.5,1,1,0,1.5,10.0,0,0,0.0,0.0,0.0,0.0,0.0,0.0,0,6568.0,1,0,0,0,1,0,0,0,0,0,0,1
452.5,.OH-LXL,A321 (1),177.6,0.28,8.79,0.4,1860,3256,3312,65993,20.0,-2.99,738,733,1.078,1.057,84.5,84.5,95.9,96.1,22.5,22.5,1,1,0,1.5,10.0,0,0,0.0,0.0,0.0,0.0,0.0,0.0,0,6568.0,1,0,0,0,1,0,0,0,0,0,0,1
452.75,.OH-LXL,A321 (1),177.6,0.28,8.79,0.4,1860,3256,3312,65993,20.0,-2.99,738,733,1.078,1.057,84.5,84.5,95.9,96.1,22.5,22.5,1,1,0,1.5,10.0,0,0,0.0,0.0,0.0,0.0,0.0,0.0,0,6568.0,1,0,0,0,1,0,0,0,0,0,0,1
453.0,.OH-LXL,A321 (1),178.9,0.28,8.79,-0.4,1880,3253,3318,65993,20.0,-2.99,738,732,1.076,1.055,84.5,84.4,95.9,96.1,22.5,22.5,1,1,0,1.5,10.0,0,0,0.0,0.0,0.0,0.0,0.0,0.0,0,6571.0,1,0,0,0,1,0,0,0,0,0,0,1
453.25,.OH-LXL,A321 (1),178.9,0.28,8.44,-0.4,1880,3253,3318,65993,20.0,-2.99,738,732,1.076,1.055,84.5,84.4,95.9,96.1,22.5,22.5,1,1,0,1.5,10.0,0,0,0.0,0.0,0.0,0.0,0.0,0.0,0,6571.0,1,0,0,0,1,0,0,0,0,0,0,1
453.5,.OH-LXL,A321 (1),178.9,0.28,8.44,-0.7,1880,3253,3318,65993,20.0,-2.99,738,732,1.076,1.055,84.5,84.4,95.9,96.1,22.5,22.5,1,1,0,1.5,10.0,0,0,0.0,0.0,0.0,0.0,0.0,0.0,0,6571.0,1,0,0,0,1,0,0,0,0,0,0,1
453.75,.OH-LXL,A321 (1),178.9,0.28,8.44,-0.7,1880,3253,3318,65993,20.0,-2.99,738,732,1.076,1.055,84.5,84.4,95.9,96.1,22.5,22.5,1,1,0,1.5,10.0,0,0,0.0,0.0,0.0,0.0,0.0,0.0,0,6571.0,1,0,0,0,1,0,0,0,0,0,0,1
454.0,.OH-LXL,A321 (1),180.4,0.28,8.44,-0.7,1896,3245,3318,65993,20.0,-2.2,737,732,1.078,1.057,84.5,84.4,95.9,96.1,22.5,22.5,1,1,0,1.5,10.0,0,0,0.0,0.0,0.0,0.0,0.0,0.0,0,6563.0,1,0,0,0,1,0,0,0,0,0,0,1
454.25,.OH-LXL,A321 (1),180.4,0.28,8.44,-0.7,1896,3245,3318,65993,20.0,-2.2,737,732,1.078,1.057,84.5,84.4,95.9,96.1,22.5,22.5,1,1,0,1.5,10.0,0,0,0.0,0.0,0.0,0.0,0.0,0.0,0,6563.0,1,0,0,0,1,0,0,0,0,0,0,1
454.5,.OH-LXL,A321 (1),180.4,0.28,8.44,-0.7,1896,3245,3318,65993,20.0,-2.2,737,732,1.078,1.057,84.5,84.4,95.9,96.1,22.5,22.5,1,1,0,1.5,10.0,0,0,0.0,0.0,0.0,0.0,0.0,0.0,0,6563.0,1,0,0,0,1,0,0,0,0,0,0,1
454.75,.OH-LXL,A321 (1),180.4,0.28,8.44,-0.7,1896,3245,3318,65993,20.0,-2.2,737,732,1.078,1.057,84.5,84.4,95.9,96.1,22.5,22.5,1,1,0,1.5,10.0,0,0,0.0,0.0,0.0,0.0,0.0,0.0,0,6563.0,1,0,0,0,1,0,0,0,0,0,0,1
455.0,.OH-LXL,A321 (1),181.1,0.28,8.44,-0.4,1916,3265,3312,65993,20.0,-2.2,737,732,1.078,1.055,84.5,84.4,95.9,96.1,22.5,22.5,1,1,0,1.5,10.0,0,0,0.0,0.0,0.0,0.0,0.0,0.0,0,6577.0,1,0,0,0,1,0,0,0,0,0,0,1
455.25,.OH-LXL,A321 (1),181.1,0.28,8.44,-0.4,1916,3265,3312,65993,20.0,-2.2,737,732,1.078,1.055,84.5,84.4,95.9,96.1,22.5,22.5,1,1,0,1.5,10.0,0,0,0.0,0.0,0.0,0.0,0.0,0.0,0,6577.0,1,0,0,0,1,0,0,0,0,0,0,1
455.5,.OH-LXL,A321 (1),181.1,0.28,8.44,-0.4,1916,3265,3312,65993,20.0,-2.2,737,732,1.078,1.055,84.5,84.4,95.9,96.1,22.5,22.5,1,1,0,1.5,10.0,0,0,0.0,0.0,0.0,0.0,0.0,0.0,0,6577.0,1,0,0,0,1,0,0,0,0,0,0,1
455.75,.OH-LXL,A321 (1),181.1,0.28,8.44,-0.4,1916,3265,3312,65993,20.0,-2.2,737,732,1.078,1.055,84.5,84.4,95.9,96.1,22.5,22.5,1,1,0,1.5,10.0,0,0,0.0,0.0,0.0,0.0,0.0,0.0,0,6577.0,1,0,0,0,1,0,0,0,0,0,0,1
456.0,.OH-LXL,A321 (1),185.8,0.29,8.44,-0.7,1928,3269,3307,65993,20.0,-2.2,736,731,1.078,1.055,84.5,84.4,95.9,96.1,22.5,22.5,1,1,0,1.5,10.0,0,0,0.3,0.1,0.3,0.0,0.0,0.0,0,6576.0,1,0,0,0,1,0,0,0,0,0,0,1
456.25,.OH-LXL,A321 (1),185.8,0.29,8.44,-0.7,1928,3269,3307,65993,20.0,-2.2,736,731,1.078,1.055,84.5,84.4,95.9,96.1,22.5,22.5,1,1,0,1.5,10.0,0,0,0.3,0.1,0.3,0.0,0.0,0.0,0,6576.0,1,0,0,0,1,0,0,0,0,0,0,1
456.5,.OH-LXL,A321 (1),185.8,0.29,8.44,-2.1,1928,3269,3307,65993,20.0,-2.2,736,731,1.078,1.055,84.5,84.4,95.9,96.1,22.5,22.5,1,1,0,1.5,10.0,0,0,0.3,0.1,0.3,0.0,0.0,0.0,0,6576.0,1,0,0,0,1,0,0,0,0,0,0,1
456.75,.OH-LXL,A321 (1),185.8,0.29,8.44,-2.1,1928,3269,3307,65993,20.0,-2.2,736,731,1.078,1.055,84.5,84.4,95.9,96.1,22.5,22.5,1,1,0,1.5,10.0,0,0,0.3,0.1,0.3,0.0,0.0,0.0,0,6576.0,1,0,0,0,1,0,0,0,0,0,0,1
457.0,.OH-LXL,A321 (1),186.8,0.29,8.79,-3.9,1944,3236,3316,65993,20.3,-2.2,736,731,1.074,1.055,84.4,84.4,95.9,96.1,22.5,22.5,1,1,0,1.5,10.0,0,0,2.5,2.8,2.6,0.0,0.0,0.0,0,6552.0,1,0,0,0,1,0,0,0,0,0,0,1
457.25,.OH-LXL,A321 (1),186.8,0.29,8.79,-3.9,1944,3236,3316,65993,20.3,-2.2,736,731,1.074,1.055,84.4,84.4,95.9,96.1,22.5,22.5,1,1,0,1.5,10.0,0,0,2.5,2.8,2.6,0.0,0.0,0.0,0,6552.0,1,0,0,0,1,0,0,0,0,0,0,1
457.5,.OH-LXL,A321 (1),186.8,0.29,8.79,-6.0,1944,3236,3316,65993,20.3,-2.2,736,731,1.074,1.055,84.4,84.4,95.9,96.1,22.5,22.5,1,1,0,1.5,10.0,0,0,2.5,2.8,2.6,0.0,0.0,0.0,0,6552.0,1,0,0,0,1,0,0,0,0,0,0,1
457.75,.OH-LXL,A321 (1),186.8,0.29,8.79,-6.0,1944,3236,3316,65993,20.3,-2.2,736,731,1.074,1.055,84.4,84.4,95.9,96.1,22.5,22.5,1,1,0,1.5,10.0,0,0,2.5,2.8,2.6,0.0,0.0,0.0,0,6552.0,1,0,0,0,1,0,0,0,0,0,0,1
458.0,.OH-LXL,A321 (1),185.1,0.29,9.14,-8.4,1964,3254,3314,65993,20.3,-2.72,736,731,1.078,1.055,84.3,84.4,95.9,96.1,22.5,22.5,1,1,0,1.5,10.0,0,0,2.6,2.7,2.5,0.0,0.0,0.0,0,6568.0,1,0,0,0,1,0,0,0,0,0,0,1
458.25,.OH-LXL,A321 (1),185.1,0.29,9.14,-8.4,1964,3254,3314,65993,20.3,-2.72,736,731,1.078,1.055,84.3,84.4,95.9,96.1,22.5,22.5,1,1,0,1.5,10.0,0,0,2.6,2.7,2.5,0.0,0.0,0.0,0,6568.0,1,0,0,0,1,0,0,0,0,0,0,1
458.5,.OH-LXL,A321 (1),185.1,0.29,9.14,-10.9,1964,3254,3314,65993,20.3,-2.72,736,731,1.078,1.055,84.3,84.4,95.9,96.1,22.5,22.5,1,1,0,1.5,10.0,0,0,2.6,2.7,2.5,0.0,0.0,0.0,0,6568.0,1,0,0,0,1,0,0,0,0,0,0,1
458.75,.OH-LXL,A321 (1),185.1,0.29,9.14,-10.9,1964,3254,3314,65993,20.3,-2.72,736,731,1.078,1.055,84.3,84.4,95.9,96.1,22.5,22.5,1,1,0,1.5,10.0,0,0,2.6,2.7,2.5,0.0,0.0,0.0,0,6568.0,1,0,0,0,1,0,0,0,0,0,0,1
459.0,.OH-LXL,A321 (1),187.4,0.29,9.14,-13.0,1984,3247,3312,65993,20.0,-2.72,736,731,1.074,1.055,84.4,84.4,95.9,96.1,22.5,22.5,1,1,0,1.5,10.0,0,0,1.6,1.7,1.7,0.0,0.0,0.0,0,6559.0,1,0,0,0,1,0,0,0,0,0,0,1
459.25,.OH-LXL,A321 (1),187.4,0.29,9.14,-13.0,1984,3247,3312,65993,20.0,-2.72,736,731,1.074,1.055,84.4,84.4,95.9,96.1,22.5,22.5,1,1,0,1.5,10.0,0,0,1.6,1.7,1.7,0.0,0.0,0.0,0,6559.0,1,0,0,0,1,0,0,0,0,0,0,1
459.5,.OH-LXL,A321 (1),187.4,0.29,9.14,-14.8,1984,3247,3312,65993,20.0,-2.72,736,731,1.074,1.055,84.4,84.4,95.9,96.1,22.5,22.5,1,1,0,1.5,10.0,0,0,1.6,1.7,1.7,0.0,0.0,0.0,0,6559.0,1,0,0,0,1,0,0,0,0,0,0,1
459.75,.OH-LXL,A321 (1),187.4,0.29,9.14,-14.8,1984,3247,3312,65993,20.0,-2.72,736,731,1.074,1.055,84.4,84.4,95.9,96.1,22.5,22.5,1,1,0,1.5,10.0,0,0,1.6,1.7,1.7,0.0,0.0,0.0,0,6559.0,1,0,0,0,1,0,0,0,0,0,0,1
460.0,.OH-LXL,A321 (1),189.3,0.3,9.14,-16.2,2008,3251,3309,65993,20.0,-2.72,735,731,1.074,1.055,84.4,84.4,95.9,96.0,22.5,22.5,1,1,0,1.5,10.0,0,0,1.1,1.1,1.1,0.0,0.0,0.0,0,6560.0,1,0,0,0,1,0,0,0,0,0,0,1
460.25,.OH-LXL,A321 (1),189.3,0.3,9.14,-16.2,2008,3251,3309,65993,20.0,-2.72,735,731,1.074,1.055,84.4,84.4,95.9,96.0,22.5,22.5,1,1,0,1.5,10.0,0,0,1.1,1.1,1.1,0.0,0.0,0.0,0,6560.0,1,0,0,0,1,0,0,0,0,0,0,1
460.5,.OH-LXL,A321 (1),189.3,0.3,9.14,-17.2,2008,3251,3309,65993,20.0,-2.72,735,731,1.074,1.055,84.4,84.4,95.9,96.0,22.5,22.5,1,1,0,1.5,10.0,0,0,1.1,1.1,1.1,0.0,0.0,0.0,0,6560.0,1,0,0,0,1,0,0,0,0,0,0,1
460.75,.OH-LXL,A321 (1),189.3,0.3,9.49,-17.2,2008,3251,3309,65993,20.0,-2.72,735,731,1.074,1.055,84.4,84.4,95.9,96.0,22.5,22.5,1,1,0,1.5,10.0,0,0,1.1,1.1,1.1,0.0,0.0,0.0,0,6560.0,1,0,0,0,1,0,0,0,0,0,0,1
461.0,.OH-LXL,A321 (1),190.4,0.3,9.49,-17.9,2032,3222,3311,65993,20.0,-2.72,735,730,1.074,1.055,84.4,84.5,95.9,96.1,22.5,22.5,1,1,0,1.5,10.0,0,0,0.9,1.1,0.8,0.0,0.0,0.0,0,6533.0,1,0,0,0,1,0,0,0,0,0,0,1
461.25,.OH-LXL,A321 (1),190.4,0.3,9.49,-17.9,2032,3222,3311,65993,20.0,-2.72,735,730,1.074,1.055,84.4,84.5,95.9,96.1,22.5,22.5,1,1,0,1.5,10.0,0,0,0.9,1.1,0.8,0.0,0.0,0.0,0,6533.0,1,0,0,0,1,0,0,0,0,0,0,1
461.5,.OH-LXL,A321 (1),190.4,0.3,9.84,-18.6,2032,3222,3311,65993,20.0,-2.72,735,730,1.074,1.055,84.4,84.5,95.9,96.1,22.5,22.5,1,1,0,1.5,10.0,0,0,0.9,1.1,0.8,0.0,0.0,0.0,0,6533.0,1,0,0,0,1,0,0,0,0,0,0,1
461.75,.OH-LXL,A321 (1),190.4,0.3,9.84,-18.6,2032,3222,3311,65993,20.0,-2.72,735,730,1.074,1.055,84.4,84.5,95.9,96.1,22.5,22.5,1,1,0,1.5,10.0,0,0,0.9,1.1,0.8,0.0,0.0,0.0,0,6533.0,1,0,0,0,1,0,0,0,0,0,0,1
462.0,.OH-LXL,A321 (1),189.3,0.3,9.84,-19.7,2056,3251,3300,65975,20.0,-2.29,734,730,1.072,1.055,84.4,84.5,95.9,96.1,22.5,22.5,1,1,0,1.5,10.0,0,0,0.6,0.6,0.6,0.0,0.0,0.0,0,6551.0,1,0,0,0,1,0,0,0,0,0,0,1
462.25,.OH-LXL,A321 (1),189.3,0.3,9.84,-19.7,2056,3251,3300,65975,20.0,-2.29,734,730,1.072,1.055,84.4,84.5,95.9,96.1,22.5,22.5,1,1,0,1.5,10.0,0,0,0.6,0.6,0.6,0.0,0.0,0.0,0,6551.0,1,0,0,0,1,0,0,0,0,0,0,1
462.5,.OH-LXL,A321 (1),189.3,0.3,9.84,-21.1,2056,3251,3300,65975,20.0,-2.29,734,730,1.072,1.055,84.4,84.5,95.9,96.1,22.5,22.5,1,1,0,1.5,10.0,0,0,0.6,0.6,0.6,0.0,0.0,0.0,0,6551.0,1,0,0,0,1,0,0,0,0,0,0,1
462.75,.OH-LXL,A321 (1),189.3,0.3,10.2,-21.1,2056,3251,3300,65975,20.0,-2.29,734,730,1.072,1.055,84.4,84.5,95.9,96.1,22.5,22.5,1,1,0,1.5,10.0,0,0,0.6,0.6,0.6,0.0,0.0,0.0,0,6551.0,1,0,0,0,1,0,0,0,0,0,0,1
463.0,.OH-LXL,A321 (1),189.5,0.3,10.2,-22.1,2080,3253,3300,65975,20.0,-2.29,734,730,1.072,1.055,84.4,84.5,95.9,96.1,22.5,22.5,1,1,0,1.5,10.0,0,0,0.2,0.3,0.2,0.0,0.0,0.0,0,6553.0,1,0,0,0,1,0,0,0,0,0,0,1
463.25,.OH-LXL,A321 (1),189.5,0.3,10.2,-22.1,2080,3253,3300,65975,20.0,-2.29,734,730,1.072,1.055,84.4,84.5,95.9,96.1,22.5,22.5,1,1,0,1.5,10.0,0,0,0.2,0.3,0.2,0.0,0.0,0.0,0,6553.0,1,0,0,0,1,0,0,0,0,0,0,1
463.5,.OH-LXL,A321 (1),189.5,0.3,10.2,-22.9,2080,3253,3300,65975,20.0,-2.29,734,730,1.072,1.055,84.4,84.5,95.9,96.1,22.5,22.5,1,1,0,1.5,10.0,0,0,0.2,0.3,0.2,0.0,0.0,0.0,0,6553.0,1,0,0,0,1,0,0,0,0,0,0,1
463.75,.OH-LXL,A321 (1),189.5,0.3,10.2,-22.9,2080,3253,3300,65975,20.0,-2.29,734,730,1.072,1.055,84.4,84.5,95.9,96.1,22.5,22.5,1,1,0,1.5,10.0,0,0,0.2,0.3,0.2,0.0,0.0,0.0,0,6553.0,1,0,0,0,1,0,0,0,0,0,0,1
464.0,.OH-LXL,A321 (1),189.5,0.3,10.2,-23.2,2108,3263,3301,65975,20.0,-2.29,734,730,1.074,1.053,84.4,84.4,95.9,96.1,22.5,22.5,1,1,0,1.5,10.0,0,0,0.0,0.0,0.0,0.0,0.0,0.0,0,6564.0,1,0,0,0,1,0,0,0,0,0,0,1
464.25,.OH-LXL,A321 (1),189.5,0.3,10.2,-23.2,2108,3263,3301,65975,20.0,-2.29,734,730,1.074,1.053,84.4,84.4,95.9,96.1,22.5,22.5,1,1,0,1.5,10.0,0,0,0.0,0.0,0.0,0.0,0.0,0.0,0,6564.0,1,0,0,0,1,0,0,0,0,0,0,1
464.5,.OH-LXL,A321 (1),189.5,0.3,10.2,-23.6,2108,3263,3301,65975,20.0,-2.29,734,730,1.074,1.053,84.4,84.4,95.9,96.1,22.5,22.5,1,1,0,1.5,10.0,0,0,0.0,0.0,0.0,0.0,0.0,0.0,0,6564.0,1,0,0,0,1,0,0,0,0,0,0,1
464.75,.OH-LXL,A321 (1),189.5,0.3,10.2,-23.6,2108,3263,3301,65975,20.0,-2.29,734,730,1.074,1.053,84.4,84.4,95.9,96.1,22.5,22.5,1,1,0,1.5,10.0,0,0,0.0,0.0,0.0,0.0,0.0,0.0,0,6564.0,1,0,0,0,1,0,0,0,0,0,0,1
465.0,.OH-LXL,A321 (1),189.9,0.3,10.2,-23.9,2136,3213,3296,65975,19.8,-2.29,734,729,1.07,1.051,84.4,84.4,95.9,96.1,22.5,22.5,1,1,0,1.5,10.0,0,0,0.0,0.0,0.0,0.0,0.0,0.0,0,6509.0,1,0,0,0,1,0,0,0,0,0,0,1
465.25,.OH-LXL,A321 (1),189.9,0.3,10.2,-23.9,2136,3213,3296,65975,19.8,-2.29,734,729,1.07,1.051,84.4,84.4,95.9,96.1,22.5,22.5,1,1,0,1.5,10.0,0,0,0.0,0.0,0.0,0.0,0.0,0.0,0,6509.0,1,0,0,0,1,0,0,0,0,0,0,1
465.5,.OH-LXL,A321 (1),189.9,0.3,10.2,-23.9,2136,3213,3296,65975,19.8,-2.29,734,729,1.07,1.051,84.4,84.4,95.9,96.1,22.5,22.5,1,1,0,1.5,10.0,0,0,0.0,0.0,0.0,0.0,0.0,0.0,0,6509.0,1,0,0,0,1,0,0,0,0,0,0,1
465.75,.OH-LXL,A321 (1),189.9,0.3,10.2,-23.9,2136,3213,3296,65975,19.8,-2.29,734,729,1.07,1.051,84.4,84.4,95.9,96.1,22.5,22.5,1,1,0,1.5,10.0,0,0,0.0,0.0,0.0,0.0,0.0,0.0,0,6509.0,1,0,0,0,1,0,0,0,0,0,0,1
466.0,.OH-LXL,A321 (1),189.1,0.3,10.2,-23.9,2164,3240,3294,65975,19.8,-3.16,733,729,1.07,1.051,84.4,84.4,95.9,96.1,22.5,22.5,1,1,0,1.5,10.0,0,0,0.0,0.0,0.0,0.0,0.0,0.0,0,6534.0,1,0,0,0,1,0,0,0,0,0,0,1
466.25,.OH-LXL,A321 (1),189.1,0.3,10.2,-23.9,2164,3240,3294,65975,19.8,-3.16,733,729,1.07,1.051,84.4,84.4,95.9,96.1,22.5,22.5,1,1,0,1.5,10.0,0,0,0.0,0.0,0.0,0.0,0.0,0.0,0,6534.0,1,0,0,0,1,0,0,0,0,0,0,1
466.5,.OH-LXL,A321 (1),189.1,0.3,9.84,-24.3,2164,3240,3294,65975,19.8,-3.16,733,729,1.07,1.051,84.4,84.4,95.9,96.1,22.5,22.5,1,1,0,1.5,10.0,0,0,0.0,0.0,0.0,0.0,0.0,0.0,0,6534.0,1,0,0,0,1,0,0,0,0,0,0,1
466.75,.OH-LXL,A321 (1),189.1,0.3,9.84,-24.3,2164,3240,3294,65975,19.8,-3.16,733,729,1.07,1.051,84.4,84.4,95.9,96.1,22.5,22.5,1,1,0,1.5,10.0,0,0,0.0,0.0,0.0,0.0,0.0,0.0,0,6534.0,1,0,0,0,1,0,0,0,0,0,0,1
467.0,.OH-LXL,A321 (1),190.9,0.3,9.84,-25.0,2192,3238,3296,65975,19.8,-3.16,733,729,1.07,1.051,84.4,84.4,95.9,96.1,22.5,22.5,1,1,0,1.5,10.0,0,0,0.0,0.0,0.0,0.0,0.0,0.0,0,6534.0,1,0,0,0,1,0,0,0,0,0,0,1
467.25,.OH-LXL,A321 (1),190.9,0.3,9.84,-25.0,2192,3238,3296,65975,19.8,-3.16,733,729,1.07,1.051,84.4,84.4,95.9,96.1,22.5,22.5,1,1,0,1.5,10.0,0,0,0.0,0.0,0.0,0.0,0.0,0.0,0,6534.0,1,0,0,0,1,0,0,0,0,0,0,1
467.5,.OH-LXL,A321 (1),190.9,0.3,9.84,-26.0,2192,3238,3296,65975,19.8,-3.16,733,729,1.07,1.051,84.4,84.4,95.9,96.1,22.5,22.5,1,1,0,1.5,10.0,0,0,0.0,0.0,0.0,0.0,0.0,0.0,0,6534.0,1,0,0,0,1,0,0,0,0,0,0,1
467.75,.OH-LXL,A321 (1),190.9,0.3,9.84,-26.0,2192,3238,3296,65975,19.8,-3.16,733,729,1.07,1.051,84.4,84.4,95.9,96.1,22.5,22.5,1,1,0,1.5,10.0,0,0,0.0,0.0,0.0,0.0,0.0,0.0,0,6534.0,1,0,0,0,1,0,0,0,0,0,0,1
468.0,.OH-LXL,A321 (1),191.1,0.3,9.84,-26.4,2216,3227,3283,65975,19.8,-3.16,733,729,1.07,1.053,84.4,84.5,95.9,96.1,22.5,22.5,1,1,0,1.5,10.0,0,0,0.0,0.0,0.0,0.0,0.0,0.0,0,6510.0,1,0,0,0,1,0,0,0,0,0,0,1
468.25,.OH-LXL,A321 (1),191.1,0.3,9.84,-26.4,2216,3227,3283,65975,19.8,-3.16,733,729,1.07,1.053,84.4,84.5,95.9,96.1,22.5,22.5,1,1,0,1.5,10.0,0,0,0.0,0.0,0.0,0.0,0.0,0.0,0,6510.0,1,0,0,0,1,0,0,0,0,0,0,1
468.5,.OH-LXL,A321 (1),191.1,0.3,9.84,-26.4,2216,3227,3283,65975,19.8,-3.16,733,729,1.07,1.053,84.4,84.5,95.9,96.1,22.5,22.5,1,1,0,1.5,10.0,0,0,0.0,0.0,0.0,0.0,0.0,0.0,0,6510.0,1,0,0,0,1,0,0,0,0,0,0,1
468.75,.OH-LXL,A321 (1),191.1,0.3,9.84,-26.4,2216,3227,3283,65975,19.8,-3.16,733,729,1.07,1.053,84.4,84.5,95.9,96.1,22.5,22.5,1,1,0,1.5,10.0,0,0,0.0,0.0,0.0,0.0,0.0,0.0,0,6510.0,1,0,0,0,1,0,0,0,0,0,0,1
469.0,.OH-LXL,A321 (1),190.3,0.3,9.84,-26.4,2244,3231,3294,65975,19.5,-3.16,732,729,1.07,1.051,84.4,84.4,95.9,96.1,22.5,22.5,1,1,0,1.5,10.0,0,0,0.0,0.0,0.0,0.0,0.0,0.0,0,6525.0,1,0,0,0,1,0,0,0,0,0,0,1
469.25,.OH-LXL,A321 (1),190.3,0.3,9.84,-26.4,2244,3231,3294,65975,19.5,-3.16,732,729,1.07,1.051,84.4,84.4,95.9,96.1,22.5,22.5,1,1,0,1.5,10.0,0,0,0.0,0.0,0.0,0.0,0.0,0.0,0,6525.0,1,0,0,0,1,0,0,0,0,0,0,1
469.5,.OH-LXL,A321 (1),190.3,0.3,9.84,-26.0,2244,3231,3294,65975,19.5,-3.16,732,729,1.07,1.051,84.4,84.4,95.9,96.1,22.5,22.5,1,1,0,1.5,10.0,0,0,0.0,0.0,0.0,0.0,0.0,0.0,0,6525.0,1,0,0,0,1,0,0,0,0,0,0,1
469.75,.OH-LXL,A321 (1),190.3,0.3,9.49,-26.0,2244,3231,3294,65975,19.5,-3.16,732,729,1.07,1.051,84.4,84.4,95.9,96.1,22.5,22.5,1,1,0,1.5,10.0,0,0,0.0,0.0,0.0,0.0,0.0,0.0,0,6525.0,1,0,0,0,1,0,0,0,0,0,0,1
470.0,.OH-LXL,A321 (1),190.8,0.3,9.49,-26.0,2272,3236,3282,65956,19.5,-2.81,732,728,1.068,1.049,84.4,84.5,95.9,96.1,22.5,22.5,1,1,0,1.5,10.0,0,0,0.0,0.0,0.0,0.0,0.0,0.0,0,6518.0,1,0,0,0,1,0,0,0,0,0,0,1
470.25,.OH-LXL,A321 (1),190.8,0.3,9.49,-26.0,2272,3236,3282,65956,19.5,-2.81,732,728,1.068,1.049,84.4,84.5,95.9,96.1,22.5,22.5,1,1,0,1.5,10.0,0,0,0.0,0.0,0.0,0.0,0.0,0.0,0,6518.0,1,0,0,0,1,0,0,0,0,0,0,1
470.5,.OH-LXL,A321 (1),190.8,0.3,9.49,-26.4,2272,3236,3282,65956,19.5,-2.81,732,728,1.068,1.049,84.4,84.5,95.9,96.1,22.5,22.5,1,1,0,1.5,10.0,0,0,0.0,0.0,0.0,0.0,0.0,0.0,0,6518.0,1,0,0,0,1,0,0,0,0,0,0,1
470.75,.OH-LXL,A321 (1),190.8,0.3,9.49,-26.4,2272,3236,3282,65956,19.5,-2.81,732,728,1.068,1.049,84.4,84.5,95.9,96.1,22.5,22.5,1,1,0,1.5,10.0,0,0,0.0,0.0,0.0,0.0,0.0,0.0,0,6518.0,1,0,0,0,1,0,0,0,0,0,0,1
471.0,.OH-LXL,A321 (1),189.8,0.3,9.49,-27.1,2296,3216,3272,65956,19.5,-2.81,732,728,1.066,1.049,84.4,84.4,95.9,96.1,22.5,22.5,1,1,0,1.5,10.0,0,0,0.0,0.0,0.0,0.0,0.0,0.0,0,6488.0,1,0,0,0,1,0,0,0,0,0,0,1
471.25,.OH-LXL,A321 (1),189.8,0.3,9.49,-27.1,2296,3216,3272,65956,19.5,-2.81,732,728,1.066,1.049,84.4,84.4,95.9,96.1,22.5,22.5,1,1,0,1.5,10.0,0,0,0.0,0.0,0.0,0.0,0.0,0.0,0,6488.0,1,0,0,0,1,0,0,0,0,0,0,1
471.5,.OH-LXL,A321 (1),189.8,0.3,9.49,-27.8,2296,3216,3272,65956,19.5,-2.81,732,728,1.066,1.049,84.4,84.4,95.9,96.1,22.5,22.5,1,1,0,1.5,10.0,0,0,0.0,0.0,0.0,0.0,0.0,0.0,0,6488.0,1,0,0,0,1,0,0,0,0,0,0,1
471.75,.OH-LXL,A321 (1),189.8,0.3,9.49,-27.8,2296,3216,3272,65956,19.5,-2.81,732,728,1.066,1.049,84.4,84.4,95.9,96.1,22.5,22.5,1,1,0,1.5,10.0,0,0,0.0,0.0,0.0,0.0,0.0,0.0,0,6488.0,1,0,0,0,1,0,0,0,0,0,0,1
472.0,.OH-LXL,A321 (1),191.3,0.3,9.49,-28.1,2320,3218,3274,65956,19.5,-2.81,731,728,1.068,1.047,84.4,84.4,95.9,96.1,22.5,22.5,1,1,0,1.5,10.0,0,0,0.0,0.0,0.0,0.0,0.0,0.0,0,6492.0,1,0,0,0,1,0,0,0,0,0,0,1
472.25,.OH-LXL,A321 (1),191.3,0.3,9.49,-28.1,2320,3218,3274,65956,19.5,-2.81,731,728,1.068,1.047,84.4,84.4,95.9,96.1,22.5,22.5,1,1,0,1.5,10.0,0,0,0.0,0.0,0.0,0.0,0.0,0.0,0,6492.0,1,0,0,0,1,0,0,0,0,0,0,1
472.5,.OH-LXL,A321 (1),191.3,0.3,9.49,-28.5,2320,3218,3274,65956,19.5,-2.81,731,728,1.068,1.047,84.4,84.4,95.9,96.1,22.5,22.5,1,1,0,1.5,10.0,0,0,0.0,0.0,0.0,0.0,0.0,0.0,0,6492.0,1,0,0,0,1,0,0,0,0,0,0,1
472.75,.OH-LXL,A321 (1),191.3,0.3,9.49,-28.5,2320,3218,3274,65956,19.5,-2.81,731,728,1.068,1.047,84.4,84.4,95.9,96.1,22.5,22.5,1,1,0,1.5,10.0,0,0,0.0,0.0,0.0,0.0,0.0,0.0,0,6492.0,1,0,0,0,1,0,0,0,0,0,0,1
473.0,.OH-LXL,A321 (1),190.6,0.3,9.49,-29.2,2344,3216,3272,65956,19.3,-2.81,731,727,1.066,1.047,84.4,84.4,95.9,96.0,22.5,22.5,1,1,0,1.5,10.0,0,0,0.0,0.0,0.0,0.0,0.0,0.0,0,6488.0,1,0,0,0,1,0,0,0,0,0,0,1
473.25,.OH-LXL,A321 (1),190.6,0.3,9.49,-29.2,2344,3216,3272,65956,19.3,-2.81,731,727,1.066,1.047,84.4,84.4,95.9,96.0,22.5,22.5,1,1,0,1.5,10.0,0,0,0.0,0.0,0.0,0.0,0.0,0.0,0,6488.0,1,0,0,0,1,0,0,0,0,0,0,1
473.5,.OH-LXL,A321 (1),190.6,0.3,9.49,-29.9,2344,3216,3272,65956,19.3,-2.81,731,727,1.066,1.047,84.4,84.4,95.9,96.0,22.5,22.5,1,1,0,1.5,10.0,0,0,0.0,0.0,0.0,0.0,0.0,0.0,0,6488.0,1,0,0,0,1,0,0,0,0,0,0,1
473.75,.OH-LXL,A321 (1),190.6,0.3,9.84,-29.9,2344,3216,3272,65956,19.3,-2.81,731,727,1.066,1.047,84.4,84.4,95.9,96.0,22.5,22.5,1,1,0,1.5,10.0,0,0,0.0,0.0,0.0,0.0,0.0,0.0,0,6488.0,1,0,0,0,1,0,0,0,0,0,0,1
474.0,.OH-LXL,A321 (1),190.8,0.3,9.84,-29.9,2372,3200,3269,65956,19.3,-2.2,731,727,1.066,1.047,84.4,84.5,95.9,96.1,22.5,22.5,1,1,0,1.5,10.0,0,0,0.0,0.0,0.0,0.0,0.0,0.0,0,6469.0,1,0,0,0,1,0,0,0,0,0,0,1
474.25,.OH-LXL,A321 (1),190.8,0.3,9.84,-29.9,2372,3200,3269,65956,19.3,-2.2,731,727,1.066,1.047,84.4,84.5,95.9,96.1,22.5,22.5,1,1,0,1.5,10.0,0,0,0.0,0.0,0.0,0.0,0.0,0.0,0,6469.0,1,0,0,0,1,0,0,0,0,0,0,1
474.5,.OH-LXL,A321 (1),190.8,0.3,9.84,-29.2,2372,3200,3269,65956,19.3,-2.2,731,727,1.066,1.047,84.4,84.5,95.9,96.1,22.5,22.5,1,1,0,1.5,10.0,0,0,0.0,0.0,0.0,0.0,0.0,0.0,0,6469.0,1,0,0,0,1,0,0,0,0,0,0,1
474.75,.OH-LXL,A321 (1),190.8,0.3,9.84,-29.2,2372,3200,3269,65956,19.3,-2.2,731,727,1.066,1.047,84.4,84.5,95.9,96.1,22.5,22.5,1,1,0,1.5,10.0,0,0,0.0,0.0,0.0,0.0,0.0,0.0,0,6469.0,1,0,0,0,1,0,0,0,0,0,0,1
475.0,.OH-LXL,A321 (1),190.0,0.3,9.49,-28.5,2400,3216,3271,65956,19.3,-2.2,731,727,1.066,1.045,84.4,84.4,95.9,96.1,22.5,22.5,1,1,0,1.5,10.0,0,0,0.0,0.0,0.0,0.0,0.0,0.0,0,6487.0,1,0,0,0,1,0,0,0,0,0,0,1
475.25,.OH-LXL,A321 (1),190.0,0.3,9.49,-28.5,2400,3216,3271,65956,19.3,-2.2,731,727,1.066,1.045,84.4,84.4,95.9,96.1,22.5,22.5,1,1,0,1.5,10.0,0,0,0.0,0.0,0.0,0.0,0.0,0.0,0,6487.0,1,0,0,0,1,0,0,0,0,0,0,1
475.5,.OH-LXL,A321 (1),190.0,0.3,9.49,-27.8,2400,3216,3271,65956,19.3,-2.2,731,727,1.066,1.045,84.4,84.4,95.9,96.1,22.5,22.5,1,1,0,1.5,10.0,0,0,0.0,0.0,0.0,0.0,0.0,0.0,0,6487.0,1,0,0,0,1,0,0,0,0,0,0,1
475.75,.OH-LXL,A321 (1),190.0,0.3,9.14,-27.8,2400,3216,3271,65956,19.3,-2.2,731,727,1.066,1.045,84.4,84.4,95.9,96.1,22.5,22.5,1,1,0,1.5,10.0,0,0,0.0,0.0,0.0,0.0,0.0,0.0,0,6487.0,1,0,0,0,1,0,0,0,0,0,0,1
476.0,.OH-LXL,A321 (1),191.0,0.3,9.14,-26.7,2428,3227,3263,65956,19.3,-2.2,731,727,1.068,1.051,84.5,84.5,95.9,96.1,22.5,22.5,1,1,0,1.5,10.0,0,0,0.0,0.0,0.0,0.0,0.0,0.0,0,6490.0,1,0,0,0,1,0,0,0,0,0,0,1
476.25,.OH-LXL,A321 (1),191.0,0.3,9.14,-26.7,2428,3227,3263,65956,19.3,-2.2,731,727,1.068,1.051,84.5,84.5,95.9,96.1,22.5,22.5,1,1,0,1.5,10.0,0,0,0.0,0.0,0.0,0.0,0.0,0.0,0,6490.0,1,0,0,0,1,0,0,0,0,0,0,1
476.5,.OH-LXL,A321 (1),191.0,0.3,9.14,-26.4,2428,3227,3263,65956,19.3,-2.2,731,727,1.068,1.051,84.5,84.5,95.9,96.1,22.5,22.5,1,1,0,1.5,10.0,0,0,0.0,0.0,0.0,0.0,0.0,0.0,0,6490.0,1,0,0,0,1,0,0,0,0,0,0,1
476.75,.OH-LXL,A321 (1),191.0,0.3,9.14,-26.4,2428,3227,3263,65956,19.3,-2.2,731,727,1.068,1.051,84.5,84.5,95.9,96.1,22.5,22.5,1,1,0,1.5,10.0,0,0,0.0,0.0,0.0,0.0,0.0,0.0,0,6490.0,1,0,0,0,1,0,0,0,0,0,0,1
477.0,.OH-LXL,A321 (1),191.4,0.3,9.14,-26.0,2452,3209,3263,65956,19.0,-2.2,731,727,1.066,1.047,84.5,84.5,95.9,96.0,22.5,22.5,1,1,0,1.5,10.0,0,0,0.0,0.0,0.0,0.0,0.0,0.0,0,6472.0,1,0,0,0,1,0,0,0,0,0,0,1
477.25,.OH-LXL,A321 (1),191.4,0.3,9.14,-26.0,2452,3209,3263,65956,19.0,-2.2,731,727,1.066,1.047,84.5,84.5,95.9,96.0,22.5,22.5,1,1,0,1.5,10.0,0,0,0.0,0.0,0.0,0.0,0.0,0.0,0,6472.0,1,0,0,0,1,0,0,0,0,0,0,1
477.5,.OH-LXL,A321 (1),191.4,0.3,9.14,-25.7,2452,3209,3263,65956,19.0,-2.2,731,727,1.066,1.047,84.5,84.5,95.9,96.0,22.5,22.5,1,1,0,1.5,10.0,0,0,0.0,0.0,0.0,0.0,0.0,0.0,0,6472.0,1,0,0,0,1,0,0,0,0,0,0,1
477.75,.OH-LXL,A321 (1),191.4,0.3,9.14,-25.7,2452,3209,3263,65956,19.0,-2.2,731,727,1.066,1.047,84.5,84.5,95.9,96.0,22.5,22.5,1,1,0,1.5,10.0,0,0,0.0,0.0,0.0,0.0,0.0,0.0,0,6472.0,1,0,0,0,1,0,0,0,0,0,0,1
478.0,.OH-LXL,A321 (1),192.6,0.3,9.14,-24.6,2480,3220,3278,65956,19.0,-1.85,731,727,1.066,1.049,84.5,84.5,95.9,96.1,22.5,22.5,1,1,0,1.5,10.0,0,0,0.0,0.0,0.0,0.0,0.2,0.4,0,6498.0,1,0,0,0,1,0,0,0,0,0,0,1
478.25,.OH-LXL,A321 (1),192.6,0.3,9.14,-24.6,2480,3220,3278,65956,19.0,-1.85,731,727,1.066,1.049,84.5,84.5,95.9,96.1,22.5,22.5,1,1,0,1.5,10.0,0,0,0.0,0.0,0.0,0.0,0.2,0.4,0,6498.0,1,0,0,0,1,0,0,0,0,0,0,1
478.5,.OH-LXL,A321 (1),192.6,0.3,9.14,-22.9,2480,3220,3278,65956,19.0,-1.85,731,727,1.066,1.049,84.5,84.5,95.9,96.1,22.5,22.5,1,1,0,1.5,10.0,0,0,0.0,0.0,0.0,0.0,0.2,0.4,0,6498.0,1,0,0,0,1,0,0,0,0,0,0,1
478.75,.OH-LXL,A321 (1),192.6,0.3,9.14,-22.9,2480,3220,3278,65956,19.0,-1.85,731,727,1.066,1.049,84.5,84.5,95.9,96.1,22.5,22.5,1,1,0,1.5,10.0,0,0,0.0,0.0,0.0,0.0,0.2,0.4,0,6498.0,1,0,0,0,1,0,0,0,0,0,0,1
479.0,.OH-LXL,A321 (1),192.3,0.3,9.49,-21.1,2512,3193,3274,65956,19.0,-1.85,730,727,1.064,1.049,84.5,84.5,95.9,96.1,22.5,22.5,1,1,0,1.5,10.0,0,0,0.0,0.0,0.0,1.2,1.2,1.2,0,6467.0,1,0,0,0,1,0,0,0,0,0,0,1
479.25,.OH-LXL,A321 (1),192.3,0.3,9.49,-21.1,2512,3193,3274,65956,19.0,-1.85,730,727,1.064,1.049,84.5,84.5,95.9,96.1,22.5,22.5,1,1,0,1.5,10.0,0,0,0.0,0.0,0.0,1.2,1.2,1.2,0,6467.0,1,0,0,0,1,0,0,0,0,0,0,1
479.5,.OH-LXL,A321 (1),192.3,0.3,9.49,-19.3,2512,3193,3274,65956,19.0,-1.85,730,727,1.064,1.049,84.5,84.5,95.9,96.1,22.5,22.5,1,1,0,1.5,10.0,0,0,0.0,0.0,0.0,1.2,1.2,1.2,0,6467.0,1,0,0,0,1,0,0,0,0,0,0,1
479.75,.OH-LXL,A321 (1),192.3,0.3,9.49,-19.3,2512,3193,3274,65956,19.0,-1.85,730,727,1.064,1.049,84.5,84.5,95.9,96.1,22.5,22.5,1,1,0,1.5,10.0,0,0,0.0,0.0,0.0,1.2,1.2,1.2,0,6467.0,1,0,0,0,1,0,0,0,0,0,0,1
480.0,.OH-LXL,A321 (1),192.9,0.31,9.49,-17.2,2552,3173,3271,65956,19.0,-1.85,730,726,1.07,1.047,84.4,84.8,96.0,96.1,22.5,22.5,1,1,0,1.5,10.0,0,0,0.0,0.0,0.0,1.3,1.2,1.3,0,6444.0,1,0,0,0,1,0,0,0,0,0,0,1
480.25,.OH-LXL,A321 (1),192.9,0.31,9.49,-17.2,2552,3173,3271,65956,19.0,-1.85,730,726,1.07,1.047,84.4,84.8,96.0,96.1,22.5,22.5,1,1,0,1.5,10.0,0,0,0.0,0.0,0.0,1.3,1.2,1.3,0,6444.0,1,0,0,0,1,0,0,0,0,0,0,1
480.5,.OH-LXL,A321 (1),192.9,0.31,9.49,-15.5,2552,3173,3271,65956,19.0,-1.85,730,726,1.07,1.047,84.4,84.8,96.0,96.1,22.5,22.5,1,1,0,1.5,10.0,0,0,0.0,0.0,0.0,1.3,1.2,1.3,0,6444.0,1,0,0,0,1,0,0,0,0,0,0,1
480.75,.OH-LXL,A321 (1),192.9,0.31,9.49,-15.5,2552,3173,3271,65956,19.0,-1.85,730,726,1.07,1.047,84.4,84.8,96.0,96.1,22.5,22.5,1,1,0,1.5,10.0,0,0,0.0,0.0,0.0,1.3,1.2,1.3,0,6444.0,1,0,0,0,1,0,0,0,0,0,0,1
481.0,.OH-LXL,A321 (1),194.4,0.31,9.49,-13.4,2584,3242,3282,65956,19.0,-1.85,731,727,1.07,1.049,84.8,84.8,96.0,96.1,22.5,22.5,1,1,0,1.5,10.0,0,0,0.0,0.0,0.0,0.3,0.1,0.2,0,6524.0,1,0,0,0,1,0,0,0,0,0,0,1
481.25,.OH-LXL,A321 (1),194.4,0.31,9.49,-13.4,2584,3242,3282,65956,19.0,-1.85,731,727,1.07,1.049,84.8,84.8,96.0,96.1,22.5,22.5,1,1,0,1.5,10.0,0,0,0.0,0.0,0.0,0.3,0.1,0.2,0,6524.0,1,0,0,0,1,0,0,0,0,0,0,1
481.5,.OH-LXL,A321 (1),194.4,0.31,9.49,-11.3,2584,3242,3282,65956,19.0,-1.85,731,727,1.07,1.049,84.8,84.8,96.0,96.1,22.5,22.5,1,1,0,1.5,10.0,0,0,0.0,0.0,0.0,0.3,0.1,0.2,0,6524.0,1,0,0,0,1,0,0,0,0,0,0,1
481.75,.OH-LXL,A321 (1),194.4,0.31,9.49,-11.3,2584,3242,3282,65956,19.0,-1.85,731,727,1.07,1.049,84.8,84.8,96.0,96.1,22.5,22.5,1,1,0,1.5,10.0,0,0,0.0,0.0,0.0,0.3,0.1,0.2,0,6524.0,1,0,0,0,1,0,0,0,0,0,0,1
482.0,.OH-LXL,A321 (1),197.0,0.31,9.49,-10.5,2616,3225,3280,65938,19.0,-2.81,731,727,1.068,1.047,84.8,84.6,96.0,96.1,22.5,22.5,1,1,0,1.5,10.0,0,0,0.0,0.0,0.0,0.2,0.0,0.1,0,6505.0,1,0,0,0,1,0,0,0,0,0,0,1
482.25,.OH-LXL,A321 (1),197.0,0.31,9.84,-10.5,2616,3225,3280,65938,19.0,-2.81,731,727,1.068,1.047,84.8,84.6,96.0,96.1,22.5,22.5,1,1,0,1.5,10.0,0,0,0.0,0.0,0.0,0.2,0.0,0.1,0,6505.0,1,0,0,0,1,0,0,0,0,0,0,1
482.5,.OH-LXL,A321 (1),197.0,0.31,9.84,-10.5,2616,3225,3280,65938,19.0,-2.81,731,727,1.068,1.047,84.8,84.6,96.0,96.1,22.5,22.5,1,1,0,1.5,10.0,0,0,0.0,0.0,0.0,0.2,0.0,0.1,0,6505.0,1,0,0,0,1,0,0,0,0,0,0,1
482.75,.OH-LXL,A321 (1),197.0,0.31,9.84,-10.5,2616,3225,3280,65938,19.0,-2.81,731,727,1.068,1.047,84.8,84.6,96.0,96.1,22.5,22.5,1,1,0,1.5,10.0,0,0,0.0,0.0,0.0,0.2,0.0,0.1,0,6505.0,1,0,0,0,1,0,0,0,0,0,0,1
483.0,.OH-LXL,A321 (1),194.6,0.31,9.84,-10.2,2656,3249,3283,65938,18.8,-2.81,730,726,1.072,1.051,84.8,84.8,96.0,96.1,22.5,22.5,1,1,0,1.5,10.0,0,0,0.0,0.0,0.0,0.0,0.0,0.0,0,6532.0,1,0,0,0,1,0,0,0,0,0,0,1
483.25,.OH-LXL,A321 (1),194.6,0.31,9.84,-10.2,2656,3249,3283,65938,18.8,-2.81,730,726,1.072,1.051,84.8,84.8,96.0,96.1,22.5,22.5,1,1,0,1.5,10.0,0,0,0.0,0.0,0.0,0.0,0.0,0.0,0,6532.0,1,0,0,0,1,0,0,0,0,0,0,1
483.5,.OH-LXL,A321 (1),194.6,0.31,9.84,-10.2,2656,3249,3283,65938,18.8,-2.81,730,726,1.072,1.051,84.8,84.8,96.0,96.1,22.5,22.5,1,1,0,1.5,10.0,0,0,0.0,0.0,0.0,0.0,0.0,0.0,0,6532.0,1,0,0,0,1,0,0,0,0,0,0,1
483.75,.OH-LXL,A321 (1),194.6,0.31,9.84,-10.2,2656,3249,3283,65938,18.8,-2.81,730,726,1.072,1.051,84.8,84.8,96.0,96.1,22.5,22.5,1,1,0,1.5,10.0,0,0,0.0,0.0,0.0,0.0,0.0,0.0,0,6532.0,1,0,0,0,1,0,0,0,0,0,0,1
484.0,.OH-LXL,A321 (1),196.3,0.31,9.84,-9.8,2692,3231,3292,65938,18.8,-2.81,730,727,1.07,1.049,84.9,84.8,96.0,96.3,22.5,22.5,1,1,0,1.5,10.0,0,0,0.0,0.0,0.0,0.0,0.0,0.0,0,6523.0,1,0,0,0,1,0,0,0,0,0,0,1
484.25,.OH-LXL,A321 (1),196.3,0.31,9.84,-9.8,2692,3231,3292,65938,18.8,-2.81,730,727,1.07,1.049,84.9,84.8,96.0,96.3,22.5,22.5,1,1,0,1.5,10.0,0,0,0.0,0.0,0.0,0.0,0.0,0.0,0,6523.0,1,0,0,0,1,0,0,0,0,0,0,1
484.5,.OH-LXL,A321 (1),196.3,0.31,10.2,-9.1,2692,3231,3292,65938,18.8,-2.81,730,727,1.07,1.049,84.9,84.8,96.0,96.3,22.5,22.5,1,1,0,1.5,10.0,0,0,0.0,0.0,0.0,0.0,0.0,0.0,0,6523.0,1,0,0,0,1,0,0,0,0,0,0,1
484.75,.OH-LXL,A321 (1),196.3,0.31,10.2,-9.1,2692,3231,3292,65938,18.8,-2.81,730,727,1.07,1.049,84.9,84.8,96.0,96.3,22.5,22.5,1,1,0,1.5,10.0,0,0,0.0,0.0,0.0,0.0,0.0,0.0,0,6523.0,1,0,0,0,1,0,0,0,0,0,0,1
485.0,.OH-LXL,A321 (1),198.4,0.31,10.2,-8.4,2724,3234,3280,65938,18.5,-2.81,730,727,1.072,1.049,84.9,85.0,96.1,96.3,22.5,22.5,1,1,0,1.5,10.0,0,0,0.0,0.0,0.0,0.0,0.0,0.0,0,6514.0,1,0,0,0,1,0,0,0,0,0,0,1
485.25,.OH-LXL,A321 (1),198.4,0.31,10.2,-8.4,2724,3234,3280,65938,18.5,-2.81,730,727,1.072,1.049,84.9,85.0,96.1,96.3,22.5,22.5,1,1,0,1.5,10.0,0,0,0.0,0.0,0.0,0.0,0.0,0.0,0,6514.0,1,0,0,0,1,0,0,0,0,0,0,1
485.5,.OH-LXL,A321 (1),198.4,0.31,10.2,-7.7,2724,3234,3280,65938,18.5,-2.81,730,727,1.072,1.049,84.9,85.0,96.1,96.3,22.5,22.5,1,1,0,1.5,10.0,0,0,0.0,0.0,0.0,0.0,0.0,0.0,0,6514.0,1,0,0,0,1,0,0,0,0,0,0,1
485.75,.OH-LXL,A321 (1),198.4,0.31,10.2,-7.7,2724,3234,3280,65938,18.5,-2.81,730,727,1.072,1.049,84.9,85.0,96.1,96.3,22.5,22.5,1,1,0,1.5,10.0,0,0,0.0,0.0,0.0,0.0,0.0,0.0,0,6514.0,1,0,0,0,1,0,0,0,0,0,0,1
486.0,.OH-LXL,A321 (1),196.3,0.31,10.55,-6.7,2764,3254,3294,65938,18.5,-3.78,731,727,1.074,1.051,85.0,85.0,96.1,96.3,22.5,22.5,1,1,0,1.5,10.0,0,0,0.0,0.0,0.0,0.0,0.0,0.0,0,6548.0,1,0,0,0,1,0,0,0,0,0,0,1
486.25,.OH-LXL,A321 (1),196.3,0.31,10.55,-6.7,2764,3254,3294,65938,18.5,-3.78,731,727,1.074,1.051,85.0,85.0,96.1,96.3,22.5,22.5,1,1,0,1.5,10.0,0,0,0.0,0.0,0.0,0.0,0.0,0.0,0,6548.0,1,0,0,0,1,0,0,0,0,0,0,1
486.5,.OH-LXL,A321 (1),196.3,0.31,10.55,-6.0,2764,3254,3294,65938,18.5,-3.78,731,727,1.074,1.051,85.0,85.0,96.1,96.3,22.5,22.5,1,1,0,1.5,10.0,0,0,0.0,0.0,0.0,0.0,0.0,0.0,0,6548.0,1,0,0,0,1,0,0,0,0,0,0,1
486.75,.OH-LXL,A321 (1),196.3,0.31,10.55,-6.0,2764,3254,3294,65938,18.5,-3.78,731,727,1.074,1.051,85.0,85.0,96.1,96.3,22.5,22.5,1,1,0,1.5,10.0,0,0,0.0,0.0,0.0,0.0,0.0,0.0,0,6548.0,1,0,0,0,1,0,0,0,0,0,0,1
487.0,.OH-LXL,A321 (1),197.1,0.31,10.55,-5.3,2800,3242,3287,65938,18.3,-3.78,731,727,1.072,1.051,85.1,85.0,96.0,96.3,22.5,22.5,1,1,0,1.5,10.0,0,0,0.0,0.0,0.0,0.0,0.0,0.0,0,6529.0,1,0,0,0,1,0,0,0,0,0,0,1
487.25,.OH-LXL,A321 (1),197.1,0.31,10.55,-5.3,2800,3242,3287,65938,18.3,-3.78,731,727,1.072,1.051,85.1,85.0,96.0,96.3,22.5,22.5,1,1,0,1.5,10.0,0,0,0.0,0.0,0.0,0.0,0.0,0.0,0,6529.0,1,0,0,0,1,0,0,0,0,0,0,1
487.5,.OH-LXL,A321 (1),197.1,0.31,10.55,-4.9,2800,3242,3287,65938,18.3,-3.78,731,727,1.072,1.051,85.1,85.0,96.0,96.3,22.5,22.5,1,1,0,1.5,10.0,0,0,0.0,0.0,0.0,0.0,0.0,0.0,0,6529.0,1,0,0,0,1,0,0,0,0,0,0,1
487.75,.OH-LXL,A321 (1),197.1,0.31,10.55,-4.9,2800,3242,3287,65938,18.3,-3.78,731,727,1.072,1.051,85.1,85.0,96.0,96.3,22.5,22.5,1,1,0,1.5,10.0,0,0,0.0,0.0,0.0,0.0,0.0,0.0,0,6529.0,1,0,0,0,1,0,0,0,0,0,0,1
488.0,.OH-LXL,A321 (1),197.3,0.31,10.55,-4.9,2836,3213,3280,65938,18.3,-3.78,730,726,1.068,1.049,84.9,84.9,96.0,96.1,22.5,22.5,1,1,0,1.5,10.0,0,0,0.0,0.0,0.0,0.0,0.0,0.0,0,6493.0,1,0,0,0,1,0,0,0,0,0,0,1
488.25,.OH-LXL,A321 (1),197.3,0.31,10.55,-4.9,2836,3213,3280,65938,18.3,-3.78,730,726,1.068,1.049,84.9,84.9,96.0,96.1,22.5,22.5,1,1,0,1.5,10.0,0,0,0.0,0.0,0.0,0.0,0.0,0.0,0,6493.0,1,0,0,0,1,0,0,0,0,0,0,1
488.5,.OH-LXL,A321 (1),197.3,0.31,10.55,-5.3,2836,3213,3280,65938,18.3,-3.78,730,726,1.068,1.049,84.9,84.9,96.0,96.1,22.5,22.5,1,1,0,1.5,10.0,0,0,0.0,0.0,0.0,0.0,0.0,0.0,0,6493.0,1,0,0,0,1,0,0,0,0,0,0,1
488.75,.OH-LXL,A321 (1),197.3,0.31,10.9,-5.3,2836,3213,3280,65938,18.3,-3.78,730,726,1.068,1.049,84.9,84.9,96.0,96.1,22.5,22.5,1,1,0,1.5,10.0,0,0,0.0,0.0,0.0,0.0,0.0,0.0,0,6493.0,1,0,0,0,1,0,0,0,0,0,0,1
489.0,.OH-LXL,A321 (1),195.8,0.31,10.9,-5.6,2876,3240,3285,65938,18.3,-3.78,730,727,1.074,1.051,85.0,85.0,96.1,96.3,22.5,22.5,1,1,0,1.5,10.0,0,0,0.0,0.0,0.0,0.0,0.0,0.0,0,6525.0,1,0,0,0,1,0,0,0,0,0,0,1
489.25,.OH-LXL,A321 (1),195.8,0.31,10.9,-5.6,2876,3240,3285,65938,18.3,-3.78,730,727,1.074,1.051,85.0,85.0,96.1,96.3,22.5,22.5,1,1,0,1.5,10.0,0,0,0.0,0.0,0.0,0.0,0.0,0.0,0,6525.0,1,0,0,0,1,0,0,0,0,0,0,1
489.5,.OH-LXL,A321 (1),195.8,0.31,10.9,-4.9,2876,3240,3285,65938,18.3,-3.78,730,727,1.074,1.051,85.0,85.0,96.1,96.3,22.5,22.5,1,1,0,1.5,10.0,0,0,0.0,0.0,0.0,0.0,0.0,0.0,0,6525.0,1,0,0,0,1,0,0,0,0,0,0,1
489.75,.OH-LXL,A321 (1),195.8,0.31,10.9,-4.9,2876,3240,3285,65938,18.3,-3.78,730,727,1.074,1.051,85.0,85.0,96.1,96.3,22.5,22.5,1,1,0,1.5,10.0,0,0,0.0,0.0,0.0,0.0,0.0,0.0,0,6525.0,1,0,0,0,1,0,0,0,0,0,0,1
490.0,.OH-LXL,A321 (1),195.9,0.31,10.9,-4.6,2916,3213,3283,65938,18.3,-3.34,731,727,1.066,1.047,85.0,85.0,96.0,96.3,22.5,22.5,1,1,0,1.5,10.0,0,0,0.0,0.0,0.0,0.0,0.0,0.0,0,6496.0,1,0,0,0,1,0,0,0,0,0,0,1
490.25,.OH-LXL,A321 (1),195.9,0.31,10.9,-4.6,2916,3213,3283,65938,18.3,-3.34,731,727,1.066,1.047,85.0,85.0,96.0,96.3,22.5,22.5,1,1,0,1.5,10.0,0,0,0.0,0.0,0.0,0.0,0.0,0.0,0,6496.0,1,0,0,0,1,0,0,0,0,0,0,1
490.5,.OH-LXL,A321 (1),195.9,0.31,10.9,-4.2,2916,3213,3283,65938,18.3,-3.34,731,727,1.066,1.047,85.0,85.0,96.0,96.3,22.5,22.5,1,1,0,1.5,10.0,0,0,0.0,0.0,0.0,0.0,0.0,0.0,0,6496.0,1,0,0,0,1,0,0,0,0,0,0,1
490.75,.OH-LXL,A321 (1),195.9,0.31,10.9,-4.2,2916,3213,3283,65938,18.3,-3.34,731,727,1.066,1.047,85.0,85.0,96.0,96.3,22.5,22.5,1,1,0,1.5,10.0,0,0,0.0,0.0,0.0,0.0,0.0,0.0,0,6496.0,1,0,0,0,1,0,0,0,0,0,0,1
491.0,.OH-LXL,A321 (1),195.8,0.31,10.9,-4.2,2956,3233,3269,65938,18.0,-3.34,730,726,1.07,1.045,85.0,85.1,96.0,96.3,22.5,22.5,1,1,0,1.5,10.0,0,0,0.0,0.0,0.0,0.0,0.0,0.0,0,6502.0,1,0,0,0,1,0,0,0,0,0,0,1
491.25,.OH-LXL,A321 (1),195.8,0.31,10.9,-4.2,2956,3233,3269,65938,18.0,-3.34,730,726,1.07,1.045,85.0,85.1,96.0,96.3,22.5,22.5,1,1,0,1.5,10.0,0,0,0.0,0.0,0.0,0.0,0.0,0.0,0,6502.0,1,0,0,0,1,0,0,0,0,0,0,1
491.5,.OH-LXL,A321 (1),195.8,0.31,10.9,-4.2,2956,3233,3269,65938,18.0,-3.34,730,726,1.07,1.045,85.0,85.1,96.0,96.3,22.5,22.5,1,1,0,1.5,10.0,0,0,0.0,0.0,0.0,0.0,0.0,0.0,0,6502.0,1,0,0,0,1,0,0,0,0,0,0,1
491.75,.OH-LXL,A321 (1),195.8,0.31,10.9,-4.2,2956,3233,3269,65938,18.0,-3.34,730,726,1.07,1.045,85.0,85.1,96.0,96.3,22.5,22.5,1,1,0,1.5,10.0,0,0,0.0,0.0,0.0,0.0,0.0,0.0,0,6502.0,1,0,0,0,1,0,0,0,0,0,0,1
492.0,.OH-LXL,A321 (1),196.0,0.31,11.25,-3.9,2996,3200,3280,65938,18.0,-3.34,729,726,1.066,1.047,85.1,85.1,96.0,96.3,22.5,22.5,1,1,0,1.5,10.0,0,0,0.0,0.0,0.0,0.0,0.0,0.0,0,6480.0,1,0,0,0,1,0,0,0,0,0,0,1
492.25,.OH-LXL,A321 (1),196.0,0.31,11.25,-3.9,2996,3200,3280,65938,18.0,-3.34,729,726,1.066,1.047,85.1,85.1,96.0,96.3,22.5,22.5,1,1,0,1.5,10.0,0,0,0.0,0.0,0.0,0.0,0.0,0.0,0,6480.0,1,0,0,0,1,0,0,0,0,0,0,1
492.5,.OH-LXL,A321 (1),196.0,0.31,11.25,-4.6,2996,3200,3280,65938,18.0,-3.34,729,726,1.066,1.047,85.1,85.1,96.0,96.3,22.5,22.5,1,1,0,1.5,10.0,0,0,0.0,0.0,0.0,0.0,0.0,0.0,0,6480.0,1,0,0,0,1,0,0,0,0,0,0,1
492.75,.OH-LXL,A321 (1),196.0,0.31,11.25,-4.6,2996,3200,3280,65938,18.0,-3.34,729,726,1.066,1.047,85.1,85.1,96.0,96.3,22.5,22.5,1,1,0,1.5,10.0,0,0,0.0,0.0,0.0,0.0,0.0,0.0,0,6480.0,1,0,0,0,1,0,0,0,0,0,0,1
493.0,.OH-LXL,A321 (1),197.3,0.31,11.25,-5.6,3048,3205,3278,65938,18.0,-3.34,729,726,1.066,1.047,85.0,85.1,96.1,96.3,22.5,22.5,1,1,0,1.5,10.0,0,0,0.0,0.0,0.0,0.0,0.0,0.0,0,6483.0,1,0,0,0,1,0,0,0,0,0,0,1
493.25,.OH-LXL,A321 (1),197.3,0.31,10.9,-5.6,3048,3205,3278,65938,18.0,-3.34,729,726,1.066,1.047,85.0,85.1,96.1,96.3,22.5,22.5,1,1,0,1.5,10.0,0,0,0.0,0.0,0.0,0.0,0.0,0.0,0,6483.0,1,0,0,0,1,0,0,0,0,0,0,1
493.5,.OH-LXL,A321 (1),197.3,0.31,10.9,-5.3,3048,3205,3278,65938,18.0,-3.34,729,726,1.066,1.047,85.0,85.1,96.1,96.3,22.5,22.5,1,1,0,1.5,10.0,0,0,0.0,0.0,0.0,0.0,0.0,0.0,0,6483.0,1,0,0,0,1,0,0,0,0,0,0,1
493.75,.OH-LXL,A321 (1),197.3,0.31,10.9,-5.3,3048,3205,3278,65938,18.0,-3.34,729,726,1.066,1.047,85.0,85.1,96.1,96.3,22.5,22.5,1,1,0,1.5,10.0,0,0,0.0,0.0,0.0,0.0,0.0,0.0,0,6483.0,1,0,0,0,1,0,0,0,0,0,0,1
494.0,.OH-LXL,A321 (1),193.8,0.31,10.9,-3.2,3096,3216,3274,65920,18.0,-4.04,729,727,1.064,1.045,85.1,85.0,96.1,96.3,22.5,22.5,1,1,0,1.5,10.0,0,0,0.0,0.0,0.0,0.0,0.0,0.0,0,6490.0,1,0,0,0,1,0,0,0,0,0,0,1
494.25,.OH-LXL,A321 (1),193.8,0.31,10.9,-3.2,3096,3216,3274,65920,18.0,-4.04,729,727,1.064,1.045,85.1,85.0,96.1,96.3,22.5,22.5,1,1,0,1.5,10.0,0,0,0.0,0.0,0.0,0.0,0.0,0.0,0,6490.0,1,0,0,0,1,0,0,0,0,0,0,1
494.5,.OH-LXL,A321 (1),193.8,0.31,10.9,-2.1,3096,3216,3274,65920,18.0,-4.04,729,727,1.064,1.045,85.1,85.0,96.1,96.3,22.5,22.5,1,1,0,1.5,10.0,0,0,0.0,0.0,0.0,0.0,0.0,0.0,0,6490.0,1,0,0,0,1,0,0,0,0,0,0,1
494.75,.OH-LXL,A321 (1),193.8,0.31,10.9,-2.1,3096,3216,3274,65920,18.0,-4.04,729,727,1.064,1.045,85.1,85.0,96.1,96.3,22.5,22.5,1,1,0,1.5,10.0,0,0,0.0,0.0,0.0,0.0,0.0,0.0,0,6490.0,1,0,0,0,1,0,0,0,0,0,0,1
495.0,.OH-LXL,A321 (1),190.4,0.31,10.9,-1.4,3152,3187,3256,65920,17.8,-4.04,729,726,1.059,1.039,85.0,85.0,95.9,96.3,22.5,22.5,1,1,0,1.5,10.0,0,0,0.0,0.0,0.0,0.0,0.0,0.0,0,6443.0,1,0,0,0,1,0,0,0,0,0,0,1
495.25,.OH-LXL,A321 (1),190.4,0.31,10.9,-1.4,3152,3187,3256,65920,17.8,-4.04,729,726,1.059,1.039,85.0,85.0,95.9,96.3,22.5,22.5,1,1,0,1.5,10.0,0,0,0.0,0.0,0.0,0.0,0.0,0.0,0,6443.0,1,0,0,0,1,0,0,0,0,0,0,1
495.5,.OH-LXL,A321 (1),190.4,0.31,10.9,-1.8,3152,3187,3256,65920,17.8,-4.04,729,726,1.059,1.039,85.0,85.0,95.9,96.3,22.5,22.5,1,1,0,1.5,10.0,0,0,0.0,0.0,0.0,0.0,0.0,0.0,0,6443.0,1,0,0,0,1,0,0,0,0,0,0,1
495.75,.OH-LXL,A321 (1),190.4,0.31,10.9,-1.8,3152,3187,3256,65920,17.8,-4.04,729,726,1.059,1.039,85.0,85.0,95.9,96.3,22.5,22.5,1,1,0,1.5,10.0,0,0,0.0,0.0,0.0,0.0,0.0,0.0,0,6443.0,1,0,0,0,1,0,0,0,0,0,0,1
496.0,.OH-LXL,A321 (1),190.1,0.3,10.9,-2.1,3204,3145,3213,65920,17.8,-4.04,727,725,1.055,1.037,84.9,84.9,95.9,96.1,22.5,22.5,1,1,0,1.5,10.0,0,0,0.0,0.0,0.0,0.0,0.0,0.0,0,6358.0,1,0,0,0,1,0,0,0,0,0,0,1
496.25,.OH-LXL,A321 (1),190.1,0.3,10.9,-2.1,3204,3145,3213,65920,17.8,-4.04,727,725,1.055,1.037,84.9,84.9,95.9,96.1,22.5,22.5,1,1,0,1.5,10.0,0,0,0.0,0.0,0.0,0.0,0.0,0.0,0,6358.0,1,0,0,0,1,0,0,0,0,0,0,1
496.5,.OH-LXL,A321 (1),190.1,0.3,10.9,-1.8,3204,3145,3213,65920,17.8,-4.04,727,725,1.055,1.037,84.9,84.9,95.9,96.1,22.5,22.5,1,1,0,1.5,10.0,0,0,0.0,0.0,0.0,0.0,0.0,0.0,0,6358.0,1,0,0,0,1,0,0,0,0,0,0,1
496.75,.OH-LXL,A321 (1),190.1,0.3,10.9,-1.8,3204,3145,3213,65920,17.8,-4.04,727,725,1.055,1.037,84.9,84.9,95.9,96.1,22.5,22.5,1,1,0,1.5,10.0,0,0,0.0,0.0,0.0,0.0,0.0,0.0,0,6358.0,1,0,0,0,1,0,0,0,0,0,0,1
497.0,.OH-LXL,A321 (1),190.0,0.3,10.9,-1.1,3252,3153,3220,65920,17.0,-4.04,726,724,1.047,1.027,84.8,84.6,95.8,96.0,22.5,22.5,1,1,0,1.5,10.0,0,0,0.0,0.0,0.0,0.0,0.0,0.0,0,6373.0,1,0,0,0,1,0,0,0,0,0,0,1
497.25,.OH-LXL,A321 (1),190.0,0.3,10.55,-1.1,3252,3153,3220,65920,17.0,-4.04,726,724,1.047,1.027,84.8,84.6,95.8,96.0,22.5,22.5,1,1,0,1.5,10.0,0,0,0.0,0.0,0.0,0.0,0.0,0.0,0,6373.0,1,0,0,0,1,0,0,0,0,0,0,1
497.5,.OH-LXL,A321 (1),190.0,0.3,10.55,-1.1,3252,3153,3220,65920,17.0,-4.04,726,724,1.047,1.027,84.8,84.6,95.8,96.0,22.5,22.5,1,1,0,1.5,10.0,0,0,0.0,0.0,0.0,0.0,0.0,0.0,0,6373.0,1,0,0,0,1,0,0,0,0,0,0,1
497.75,.OH-LXL,A321 (1),190.0,0.3,10.55,-1.1,3252,3153,3220,65920,17.0,-4.04,726,724,1.047,1.027,84.8,84.6,95.8,96.0,22.5,22.5,1,1,0,1.5,10.0,0,0,0.0,0.0,0.0,0.0,0.0,0.0,0,6373.0,1,0,0,0,1,0,0,0,0,0,0,1
498.0,.OH-LXL,A321 (1),190.0,0.3,10.55,-1.8,3292,3135,3167,65920,17.0,-3.08,725,722,1.053,1.031,84.5,84.6,95.9,95.9,22.5,22.5,1,1,0,1.5,10.0,0,0,0.0,0.0,0.0,0.0,0.0,0.0,0,6302.0,1,0,0,0,1,0,0,0,0,0,0,1
498.25,.OH-LXL,A321 (1),190.0,0.3,10.55,-1.8,3292,3135,3167,65920,17.0,-3.08,725,722,1.053,1.031,84.5,84.6,95.9,95.9,22.5,22.5,1,1,0,1.5,10.0,0,0,0.0,0.0,0.0,0.0,0.0,0.0,0,6302.0,1,0,0,0,1,0,0,0,0,0,0,1
498.5,.OH-LXL,A321 (1),190.0,0.3,10.55,-2.1,3292,3135,3167,65920,17.0,-3.08,725,722,1.053,1.031,84.5,84.6,95.9,95.9,22.5,22.5,1,1,0,1.5,10.0,0,0,0.0,0.0,0.0,0.0,0.0,0.0,0,6302.0,1,0,0,0,1,0,0,0,0,0,0,1
498.75,.OH-LXL,A321 (1),190.0,0.3,10.55,-2.1,3292,3135,3167,65920,17.0,-3.08,725,722,1.053,1.031,84.5,84.6,95.9,95.9,22.5,22.5,1,1,0,1.5,10.0,0,0,0.0,0.0,0.0,0.0,0.0,0.0,0,6302.0,1,0,0,0,1,0,0,0,0,0,0,1
499.0,.OH-LXL,A321 (1),191.6,0.3,10.55,-2.1,3340,3155,3196,65920,16.8,-3.08,726,722,1.053,1.033,84.8,84.8,95.8,96.0,22.5,22.5,1,1,0,1.5,10.0,0,0,0.0,0.0,0.0,0.0,0.0,0.0,0,6351.0,1,0,0,0,1,0,0,0,0,0,0,1
499.25,.OH-LXL,A321 (1),191.6,0.3,10.55,-2.1,3340,3155,3196,65920,16.8,-3.08,726,722,1.053,1.033,84.8,84.8,95.8,96.0,22.5,22.5,1,1,0,1.5,10.0,0,0,0.0,0.0,0.0,0.0,0.0,0.0,0,6351.0,1,0,0,0,1,0,0,0,0,0,0,1
499.5,.OH-LXL,A321 (1),191.6,0.3,10.55,-2.1,3340,3155,3196,65920,16.8,-3.08,726,722,1.053,1.033,84.8,84.8,95.8,96.0,22.5,22.5,1,1,0,1.5,10.0,0,0,0.0,0.0,0.0,0.0,0.0,0.0,0,6351.0,1,0,0,0,1,0,0,0,0,0,0,1
499.75,.OH-LXL,A321 (1),191.6,0.3,10.55,-2.1,3340,3155,3196,65920,16.8,-3.08,726,722,1.053,1.033,84.8,84.8,95.8,96.0,22.5,22.5,1,1,0,1.5,10.0,0,0,0.0,0.0,0.0,0.0,0.0,0.0,0,6351.0,1,0,0,0,1,0,0,0,0,0,0,1
500.0,.OH-LXL,A321 (1),188.8,0.3,10.55,-1.8,3384,3122,3198,65920,16.8,-3.08,725,722,1.049,1.031,84.8,84.8,95.8,95.9,22.5,22.5,1,1,0,1.5,10.0,0,0,0.0,0.0,0.0,0.0,0.0,0.0,0,6320.0,1,0,0,0,1,0,0,0,0,0,0,1
500.25,.OH-LXL,A321 (1),188.8,0.3,10.2,-1.8,3384,3122,3198,65920,16.8,-3.08,725,722,1.049,1.031,84.8,84.8,95.8,95.9,22.5,22.5,1,1,0,1.5,10.0,0,0,0.0,0.0,0.0,0.0,0.0,0.0,0,6320.0,1,0,0,0,1,0,0,0,0,0,0,1
500.5,.OH-LXL,A321 (1),188.8,0.3,10.2,-1.1,3384,3122,3198,65920,16.8,-3.08,725,722,1.049,1.031,84.8,84.8,95.8,95.9,22.5,22.5,1,1,0,1.5,10.0,0,0,0.0,0.0,0.0,0.0,0.0,0.0,0,6320.0,1,0,0,0,1,0,0,0,0,0,0,1
500.75,.OH-LXL,A321 (1),188.8,0.3,10.2,-1.1,3384,3122,3198,65920,16.8,-3.08,725,722,1.049,1.031,84.8,84.8,95.8,95.9,22.5,22.5,1,1,0,1.5,10.0,0,0,0.0,0.0,0.0,0.0,0.0,0.0,0,6320.0,1,0,0,0,1,0,0,0,0,0,0,1
501.0,.OH-LXL,A321 (1),192.3,0.3,10.2,-0.7,3420,3129,3194,65920,16.5,-3.08,724,722,1.047,1.029,84.6,84.6,95.8,95.9,22.5,22.5,1,1,0,1.5,10.0,0,0,0.0,0.0,0.0,0.0,0.0,0.0,0,6323.0,1,0,0,0,1,0,0,0,0,0,0,1
501.25,.OH-LXL,A321 (1),192.3,0.3,10.2,-0.7,3420,3129,3194,65920,16.5,-3.08,724,722,1.047,1.029,84.6,84.6,95.8,95.9,22.5,22.5,1,1,0,1.5,10.0,0,0,0.0,0.0,0.0,0.0,0.0,0.0,0,6323.0,1,0,0,0,1,0,0,0,0,0,0,1
501.5,.OH-LXL,A321 (1),192.3,0.3,10.2,-1.1,3420,3129,3194,65920,16.5,-3.08,724,722,1.047,1.029,84.6,84.6,95.8,95.9,22.5,22.5,1,1,0,1.5,10.0,0,0,0.0,0.0,0.0,0.0,0.0,0.0,0,6323.0,1,0,0,0,1,0,0,0,0,0,0,1
501.75,.OH-LXL,A321 (1),192.3,0.3,10.2,-1.1,3420,3129,3194,65920,16.5,-3.08,724,722,1.047,1.029,84.6,84.6,95.8,95.9,22.5,22.5,1,1,0,1.5,10.0,0,0,0.0,0.0,0.0,0.0,0.0,0.0,0,6323.0,1,0,0,0,1,0,0,0,0,0,0,1
502.0,.OH-LXL,A321 (1),193.0,0.3,10.2,-1.8,3456,3147,3175,65920,16.5,-3.25,724,721,1.053,1.033,84.8,84.9,95.9,96.0,22.5,22.5,1,1,0,1.5,10.0,0,0,0.0,0.0,0.0,0.0,0.0,0.0,0,6322.0,1,0,0,0,1,0,0,0,0,0,0,1
502.25,.OH-LXL,A321 (1),193.0,0.3,10.2,-1.8,3456,3147,3175,65920,16.5,-3.25,724,721,1.053,1.033,84.8,84.9,95.9,96.0,22.5,22.5,1,1,0,1.5,10.0,0,0,0.0,0.0,0.0,0.0,0.0,0.0,0,6322.0,1,0,0,0,1,0,0,0,0,0,0,1
502.5,.OH-LXL,A321 (1),193.0,0.3,10.2,-2.5,3456,3147,3175,65920,16.5,-3.25,724,721,1.053,1.033,84.8,84.9,95.9,96.0,22.5,22.5,1,1,0,1.5,10.0,0,0,0.0,0.0,0.0,0.0,0.0,0.0,0,6322.0,1,0,0,0,1,0,0,0,0,0,0,1
502.75,.OH-LXL,A321 (1),193.0,0.3,9.84,-2.5,3456,3147,3175,65920,16.5,-3.25,724,721,1.053,1.033,84.8,84.9,95.9,96.0,22.5,22.5,1,1,0,1.5,10.0,0,0,0.0,0.0,0.0,0.0,0.0,0.0,0,6322.0,1,0,0,0,1,0,0,0,0,0,0,1
503.0,.OH-LXL,A321 (1),195.1,0.3,9.84,-2.8,3492,3136,3207,65920,16.3,-3.25,725,722,1.053,1.037,84.9,84.9,95.9,96.0,22.5,22.5,1,1,0,1.5,10.0,0,0,0.0,0.0,0.0,0.0,0.0,0.0,0,6343.0,1,0,0,0,1,0,0,0,0,0,0,1
503.25,.OH-LXL,A321 (1),195.1,0.3,9.84,-2.8,3492,3136,3207,65920,16.3,-3.25,725,722,1.053,1.037,84.9,84.9,95.9,96.0,22.5,22.5,1,1,0,1.5,10.0,0,0,0.0,0.0,0.0,0.0,0.0,0.0,0,6343.0,1,0,0,0,1,0,0,0,0,0,0,1
503.5,.OH-LXL,A321 (1),195.1,0.3,9.84,-2.8,3492,3136,3207,65920,16.3,-3.25,725,722,1.053,1.037,84.9,84.9,95.9,96.0,22.5,22.5,1,1,0,1.5,10.0,0,0,0.0,0.0,0.0,0.0,0.0,0.0,0,6343.0,1,0,0,0,1,0,0,0,0,0,0,1
503.75,.OH-LXL,A321 (1),195.1,0.3,9.84,-2.8,3492,3136,3207,65920,16.3,-3.25,725,722,1.053,1.037,84.9,84.9,95.9,96.0,22.5,22.5,1,1,0,1.5,10.0,0,0,0.0,0.0,0.0,0.0,0.0,0.0,0,6343.0,1,0,0,0,1,0,0,0,0,0,0,1
504.0,.OH-LXL,A321 (1),194.3,0.31,9.84,-2.5,3528,3164,3211,65920,16.3,-3.25,724,722,1.055,1.035,85.0,85.0,95.9,96.1,22.5,22.5,1,1,0,1.5,10.0,0,0,0.0,0.0,0.0,0.0,0.0,0.0,0,6375.0,1,0,0,0,1,0,0,0,0,0,0,1
504.25,.OH-LXL,A321 (1),194.3,0.31,9.84,-2.5,3528,3164,3211,65920,16.3,-3.25,724,722,1.055,1.035,85.0,85.0,95.9,96.1,22.5,22.5,1,1,0,1.5,10.0,0,0,0.0,0.0,0.0,0.0,0.0,0.0,0,6375.0,1,0,0,0,1,0,0,0,0,0,0,1
504.5,.OH-LXL,A321 (1),194.3,0.31,9.84,-1.8,3528,3164,3211,65920,16.3,-3.25,724,722,1.055,1.035,85.0,85.0,95.9,96.1,22.5,22.5,1,1,0,1.5,10.0,0,0,0.0,0.0,0.0,0.0,0.0,0.0,0,6375.0,1,0,0,0,1,0,0,0,0,0,0,1
504.75,.OH-LXL,A321 (1),194.3,0.31,9.84,-1.8,3528,3164,3211,65920,16.3,-3.25,724,722,1.055,1.035,85.0,85.0,95.9,96.1,22.5,22.5,1,1,0,1.5,10.0,0,0,0.0,0.0,0.0,0.0,0.0,0.0,0,6375.0,1,0,0,0,1,0,0,0,0,0,0,1
505.0,.OH-LXL,A321 (1),194.1,0.31,10.2,-1.1,3564,3171,3200,65920,16.0,-3.25,724,722,1.055,1.037,85.1,85.1,95.9,96.1,22.5,22.5,1,1,0,1.5,10.0,0,0,0.0,0.0,0.0,0.0,0.0,0.0,0,6371.0,1,0,0,0,1,0,0,0,0,0,0,1
505.25,.OH-LXL,A321 (1),194.1,0.31,10.2,-1.1,3564,3171,3200,65920,16.0,-3.25,724,722,1.055,1.037,85.1,85.1,95.9,96.1,22.5,22.5,1,1,0,1.5,10.0,0,0,0.0,0.0,0.0,0.0,0.0,0.0,0,6371.0,1,0,0,0,1,0,0,0,0,0,0,1
505.5,.OH-LXL,A321 (1),194.1,0.31,10.2,-0.7,3564,3171,3200,65920,16.0,-3.25,724,722,1.055,1.037,85.1,85.1,95.9,96.1,22.5,22.5,1,1,0,1.5,10.0,0,0,0.0,0.0,0.0,0.0,0.0,0.0,0,6371.0,1,0,0,0,1,0,0,0,0,0,0,1
505.75,.OH-LXL,A321 (1),194.1,0.31,10.2,-0.7,3564,3171,3200,65920,16.0,-3.25,724,722,1.055,1.037,85.1,85.1,95.9,96.1,22.5,22.5,1,1,0,1.5,10.0,0,0,0.0,0.0,0.0,0.0,0.0,0.0,0,6371.0,1,0,0,0,1,0,0,0,0,0,0,1
506.0,.OH-LXL,A321 (1),194.4,0.31,10.2,-1.1,3596,3147,3213,65920,16.0,-3.96,724,722,1.053,1.035,85.0,85.0,95.9,96.1,22.5,22.5,1,1,0,1.5,10.0,0,0,0.0,0.0,0.0,0.0,0.0,0.0,0,6360.0,1,0,0,0,1,0,0,0,0,0,0,1
506.25,.OH-LXL,A321 (1),194.4,0.31,10.2,-1.1,3596,3147,3213,65920,16.0,-3.96,724,722,1.053,1.035,85.0,85.0,95.9,96.1,22.5,22.5,1,1,0,1.5,10.0,0,0,0.0,0.0,0.0,0.0,0.0,0.0,0,6360.0,1,0,0,0,1,0,0,0,0,0,0,1
506.5,.OH-LXL,A321 (1),194.4,0.31,10.2,-1.4,3596,3147,3213,65920,16.0,-3.96,724,722,1.053,1.035,85.0,85.0,95.9,96.1,22.5,22.5,1,1,0,1.5,10.0,0,0,0.0,0.0,0.0,0.0,0.0,0.0,0,6360.0,1,0,0,0,1,0,0,0,0,0,0,1
506.75,.OH-LXL,A321 (1),194.4,0.31,10.2,-1.4,3596,3147,3213,65920,16.0,-3.96,724,722,1.053,1.035,85.0,85.0,95.9,96.1,22.5,22.5,1,1,0,1.5,10.0,0,0,0.0,0.0,0.0,0.0,0.0,0.0,0,6360.0,1,0,0,0,1,0,0,0,0,0,0,1
507.0,.OH-LXL,A321 (1),195.5,0.31,10.2,-1.4,3632,3165,3214,65920,15.8,-3.96,724,722,1.053,1.033,85.1,85.1,95.9,96.1,22.5,22.5,1,1,0,1.5,10.0,0,0,0.0,0.0,0.0,0.0,0.0,0.0,0,6379.0,1,0,0,0,1,0,0,0,0,0,0,1
507.25,.OH-LXL,A321 (1),195.5,0.31,10.55,-1.4,3632,3165,3214,65920,15.8,-3.96,724,722,1.053,1.033,85.1,85.1,95.9,96.1,22.5,22.5,1,1,0,1.5,10.0,0,0,0.0,0.0,0.0,0.0,0.0,0.0,0,6379.0,1,0,0,0,1,0,0,0,0,0,0,1
507.5,.OH-LXL,A321 (1),195.5,0.31,10.55,-1.1,3632,3165,3214,65920,15.8,-3.96,724,722,1.053,1.033,85.1,85.1,95.9,96.1,22.5,22.5,1,1,0,1.5,10.0,0,0,0.0,0.0,0.0,0.0,0.0,0.0,0,6379.0,1,0,0,0,1,0,0,0,0,0,0,1
507.75,.OH-LXL,A321 (1),195.5,0.31,10.55,-1.1,3632,3165,3214,65920,15.8,-3.96,724,722,1.053,1.033,85.1,85.1,95.9,96.1,22.5,22.5,1,1,0,1.5,10.0,0,0,0.0,0.0,0.0,0.0,0.0,0.0,0,6379.0,1,0,0,0,1,0,0,0,0,0,0,1
508.0,.OH-LXL,A321 (1),193.9,0.31,10.55,-1.1,3668,3138,3194,65920,15.8,-3.96,723,721,1.051,1.033,85.0,85.0,95.9,96.1,22.5,22.5,1,1,0,1.5,10.0,0,0,0.0,0.0,0.0,0.0,0.0,0.0,0,6332.0,1,0,0,0,1,0,0,0,0,0,0,1
508.25,.OH-LXL,A321 (1),193.9,0.31,10.55,-1.1,3668,3138,3194,65920,15.8,-3.96,723,721,1.051,1.033,85.0,85.0,95.9,96.1,22.5,22.5,1,1,0,1.5,10.0,0,0,0.0,0.0,0.0,0.0,0.0,0.0,0,6332.0,1,0,0,0,1,0,0,0,0,0,0,1
508.5,.OH-LXL,A321 (1),193.9,0.31,10.55,-0.7,3668,3138,3194,65920,15.8,-3.96,723,721,1.051,1.033,85.0,85.0,95.9,96.1,22.5,22.5,1,1,0,1.5,10.0,0,0,0.0,0.0,0.0,0.0,0.0,0.0,0,6332.0,1,0,0,0,1,0,0,0,0,0,0,1
508.75,.OH-LXL,A321 (1),193.9,0.31,10.55,-0.7,3668,3138,3194,65920,15.8,-3.96,723,721,1.051,1.033,85.0,85.0,95.9,96.1,22.5,22.5,1,1,0,1.5,10.0,0,0,0.0,0.0,0.0,0.0,0.0,0.0,0,6332.0,1,0,0,0,1,0,0,0,0,0,0,1
509.0,.OH-LXL,A321 (1),192.0,0.31,10.55,-1.1,3704,3133,3194,65920,15.5,-3.96,723,721,1.051,1.033,85.0,85.0,95.9,96.1,22.5,22.5,1,1,0,1.5,10.0,0,0,0.0,0.0,0.0,0.0,0.0,0.0,0,6327.0,1,0,0,0,1,0,0,0,0,0,0,1
509.25,.OH-LXL,A321 (1),192.0,0.31,10.55,-1.1,3704,3133,3194,65920,15.5,-3.96,723,721,1.051,1.033,85.0,85.0,95.9,96.1,22.5,22.5,1,1,0,1.5,10.0,0,0,0.0,0.0,0.0,0.0,0.0,0.0,0,6327.0,1,0,0,0,1,0,0,0,0,0,0,1
509.5,.OH-LXL,A321 (1),192.0,0.31,10.55,-1.8,3704,3133,3194,65920,15.5,-3.96,723,721,1.051,1.033,85.0,85.0,95.9,96.1,22.5,22.5,1,1,0,1.5,10.0,0,0,0.0,0.0,0.0,0.0,0.0,0.0,0,6327.0,1,0,0,0,1,0,0,0,0,0,0,1
509.75,.OH-LXL,A321 (1),192.0,0.31,10.55,-1.8,3704,3133,3194,65920,15.5,-3.96,723,721,1.051,1.033,85.0,85.0,95.9,96.1,22.5,22.5,1,1,0,1.5,10.0,0,0,0.0,0.0,0.0,0.0,0.0,0.0,0,6327.0,1,0,0,0,1,0,0,0,0,0,0,1
510.0,.OH-LXL,A321 (1),194.4,0.31,10.55,-2.1,3740,3133,3194,65902,15.5,-3.16,723,721,1.051,1.029,85.0,85.0,95.9,96.0,22.5,22.5,1,1,0,1.5,10.0,0,0,0.0,0.0,0.0,0.0,0.0,0.0,0,6327.0,1,0,0,0,1,0,0,0,0,0,0,1
510.25,.OH-LXL,A321 (1),194.4,0.31,10.55,-2.1,3740,3133,3194,65902,15.5,-3.16,723,721,1.051,1.029,85.0,85.0,95.9,96.0,22.5,22.5,1,1,0,1.5,10.0,0,0,0.0,0.0,0.0,0.0,0.0,0.0,0,6327.0,1,0,0,0,1,0,0,0,0,0,0,1
510.5,.OH-LXL,A321 (1),194.4,0.31,10.55,-2.1,3740,3133,3194,65902,15.5,-3.16,723,721,1.051,1.029,85.0,85.0,95.9,96.0,22.5,22.5,1,1,0,1.5,10.0,0,0,0.0,0.0,0.0,0.0,0.0,0.0,0,6327.0,1,0,0,0,1,0,0,0,0,0,0,1
510.75,.OH-LXL,A321 (1),194.4,0.31,10.2,-2.1,3740,3133,3194,65902,15.5,-3.16,723,721,1.051,1.029,85.0,85.0,95.9,96.0,22.5,22.5,1,1,0,1.5,10.0,0,0,0.0,0.0,0.0,0.0,0.0,0.0,0,6327.0,1,0,0,0,1,0,0,0,0,0,0,1
511.0,.OH-LXL,A321 (1),194.0,0.31,10.2,-2.1,3776,3127,3184,65902,15.5,-3.16,722,720,1.047,1.033,85.0,85.1,95.9,96.0,22.5,22.5,1,1,0,1.5,10.0,0,0,0.0,0.0,0.0,0.0,0.0,0.0,0,6311.0,1,0,0,0,1,0,0,0,0,0,0,1
511.25,.OH-LXL,A321 (1),194.0,0.31,10.2,-2.1,3776,3127,3184,65902,15.5,-3.16,722,720,1.047,1.033,85.0,85.1,95.9,96.0,22.5,22.5,1,1,0,1.5,10.0,0,0,0.0,0.0,0.0,0.0,0.0,0.0,0,6311.0,1,0,0,0,1,0,0,0,0,0,0,1
511.5,.OH-LXL,A321 (1),194.0,0.31,10.2,-1.8,3776,3127,3184,65902,15.5,-3.16,722,720,1.047,1.033,85.0,85.1,95.9,96.0,22.5,22.5,1,1,0,1.5,10.0,0,0,0.0,0.0,0.0,0.0,0.0,0.0,0,6311.0,1,0,0,0,1,0,0,0,0,0,0,1
511.75,.OH-LXL,A321 (1),194.0,0.31,10.2,-1.8,3776,3127,3184,65902,15.5,-3.16,722,720,1.047,1.033,85.0,85.1,95.9,96.0,22.5,22.5,1,1,0,1.5,10.0,0,0,0.0,0.0,0.0,0.0,0.0,0.0,0,6311.0,1,0,0,0,1,0,0,0,0,0,0,1
512.0,.OH-LXL,A321 (1),192.6,0.31,10.2,-1.4,3816,3124,3198,65902,15.5,-3.16,722,721,1.049,1.029,85.0,85.1,95.9,96.1,22.5,22.5,1,1,0,1.5,10.0,0,0,0.0,0.0,0.0,0.0,0.0,0.0,0,6322.0,1,0,0,0,1,0,0,0,0,0,0,1
512.25,.OH-LXL,A321 (1),192.6,0.31,10.2,-1.4,3816,3124,3198,65902,15.5,-3.16,722,721,1.049,1.029,85.0,85.1,95.9,96.1,22.5,22.5,1,1,0,1.5,10.0,0,0,0.0,0.0,0.0,0.0,0.0,0.0,0,6322.0,1,0,0,0,1,0,0,0,0,0,0,1
512.5,.OH-LXL,A321 (1),192.6,0.31,10.2,-1.1,3816,3124,3198,65902,15.5,-3.16,722,721,1.049,1.029,85.0,85.1,95.9,96.1,22.5,22.5,1,1,0,1.5,10.0,0,0,0.0,0.0,0.0,0.0,0.0,0.0,0,6322.0,1,0,0,0,1,0,0,0,0,0,0,1
512.75,.OH-LXL,A321 (1),192.6,0.31,10.2,-1.1,3816,3124,3198,65902,15.5,-3.16,722,721,1.049,1.029,85.0,85.1,95.9,96.1,22.5,22.5,1,1,0,1.5,10.0,0,0,0.0,0.0,0.0,0.0,0.0,0.0,0,6322.0,1,0,0,0,1,0,0,0,0,0,0,1
513.0,.OH-LXL,A321 (1),191.6,0.31,10.2,-0.7,3856,3126,3182,65902,15.3,-3.16,722,720,1.047,1.029,85.0,85.1,95.9,96.1,22.5,22.5,1,1,0,1.5,10.0,0,0,0.0,0.0,0.0,0.0,0.0,0.0,0,6308.0,1,0,0,0,1,0,0,0,0,0,0,1
513.25,.OH-LXL,A321 (1),191.6,0.31,10.2,-0.7,3856,3126,3182,65902,15.3,-3.16,722,720,1.047,1.029,85.0,85.1,95.9,96.1,22.5,22.5,1,1,0,1.5,10.0,0,0,0.0,0.0,0.0,0.0,0.0,0.0,0,6308.0,1,0,0,0,1,0,0,0,0,0,0,1
513.5,.OH-LXL,A321 (1),191.6,0.31,10.2,-0.7,3856,3126,3182,65902,15.3,-3.16,722,720,1.047,1.029,85.0,85.1,95.9,96.1,22.5,22.5,1,1,0,1.5,10.0,0,0,0.0,0.0,0.0,0.0,0.0,0.0,0,6308.0,1,0,0,0,1,0,0,0,0,0,0,1
